"Species","CU_ID","Year","SpnForTrend_Total","SpnForTrend_Wild","DU_ID","CU_Name","CU_acro","SpnForAbd_Total","SpnForAbd_Wild","Recruits_Total","Recruits_Wild","Abd_StartYr","UseYear"
"Chinook","CK-03",1984,120627,120627,"DU2","Lower Fraser River_FA_0.3","LFR-fall",120627,120627,NA,NA,1984,TRUE
"Chinook","CK-03",1985,173321,173321,"DU2","Lower Fraser River_FA_0.3","LFR-fall",173321,173321,NA,NA,1984,TRUE
"Chinook","CK-03",1986,161713,161713,"DU2","Lower Fraser River_FA_0.3","LFR-fall",161713,161713,NA,NA,1984,TRUE
"Chinook","CK-03",1987,77312,77312,"DU2","Lower Fraser River_FA_0.3","LFR-fall",77312,77312,NA,NA,1984,TRUE
"Chinook","CK-03",1988,34095,34095,"DU2","Lower Fraser River_FA_0.3","LFR-fall",34095,34095,NA,NA,1984,TRUE
"Chinook","CK-03",1989,73652,73652,"DU2","Lower Fraser River_FA_0.3","LFR-fall",73652,73652,NA,NA,1984,TRUE
"Chinook","CK-03",1990,174369,174369,"DU2","Lower Fraser River_FA_0.3","LFR-fall",174369,174369,NA,NA,1984,TRUE
"Chinook","CK-03",1991,89278,89278,"DU2","Lower Fraser River_FA_0.3","LFR-fall",89278,89278,NA,NA,1984,TRUE
"Chinook","CK-03",1992,126556,126556,"DU2","Lower Fraser River_FA_0.3","LFR-fall",126556,126556,NA,NA,1984,TRUE
"Chinook","CK-03",1993,108984,108984,"DU2","Lower Fraser River_FA_0.3","LFR-fall",108984,108984,NA,NA,1984,TRUE
"Chinook","CK-03",1994,99211,99211,"DU2","Lower Fraser River_FA_0.3","LFR-fall",99211,99211,NA,NA,1984,TRUE
"Chinook","CK-03",1995,26960,26960,"DU2","Lower Fraser River_FA_0.3","LFR-fall",26960,26960,NA,NA,1984,TRUE
"Chinook","CK-03",1996,33776,33776,"DU2","Lower Fraser River_FA_0.3","LFR-fall",33776,33776,NA,NA,1984,TRUE
"Chinook","CK-03",1997,66752,66752,"DU2","Lower Fraser River_FA_0.3","LFR-fall",66752,66752,NA,NA,1984,TRUE
"Chinook","CK-03",1998,186002,186002,"DU2","Lower Fraser River_FA_0.3","LFR-fall",186002,186002,NA,NA,1984,TRUE
"Chinook","CK-03",1999,97016,97016,"DU2","Lower Fraser River_FA_0.3","LFR-fall",97016,97016,NA,NA,1984,TRUE
"Chinook","CK-03",2000,81867,81867,"DU2","Lower Fraser River_FA_0.3","LFR-fall",81867,81867,NA,NA,1984,TRUE
"Chinook","CK-03",2001,109218,109218,"DU2","Lower Fraser River_FA_0.3","LFR-fall",109218,109218,NA,NA,1984,TRUE
"Chinook","CK-03",2002,87952,87952,"DU2","Lower Fraser River_FA_0.3","LFR-fall",87952,87952,NA,NA,1984,TRUE
"Chinook","CK-03",2003,244283,244283,"DU2","Lower Fraser River_FA_0.3","LFR-fall",244283,244283,NA,NA,1984,TRUE
"Chinook","CK-03",2004,136391,136391,"DU2","Lower Fraser River_FA_0.3","LFR-fall",136391,136391,NA,NA,1984,TRUE
"Chinook","CK-03",2005,80525,80525,"DU2","Lower Fraser River_FA_0.3","LFR-fall",80525,80525,NA,NA,1984,TRUE
"Chinook","CK-03",2006,55744,55744,"DU2","Lower Fraser River_FA_0.3","LFR-fall",55744,55744,NA,NA,1984,TRUE
"Chinook","CK-03",2007,76839,76839,"DU2","Lower Fraser River_FA_0.3","LFR-fall",76839,76839,NA,NA,1984,TRUE
"Chinook","CK-03",2008,39863,39863,"DU2","Lower Fraser River_FA_0.3","LFR-fall",39863,39863,NA,NA,1984,TRUE
"Chinook","CK-03",2009,72872,72872,"DU2","Lower Fraser River_FA_0.3","LFR-fall",72872,72872,NA,NA,1984,TRUE
"Chinook","CK-03",2010,103572,103572,"DU2","Lower Fraser River_FA_0.3","LFR-fall",103572,103572,NA,NA,1984,TRUE
"Chinook","CK-03",2011,122303,122303,"DU2","Lower Fraser River_FA_0.3","LFR-fall",122303,122303,NA,NA,1984,TRUE
"Chinook","CK-03",2012,46234,46234,"DU2","Lower Fraser River_FA_0.3","LFR-fall",46234,46234,NA,NA,1984,TRUE
"Chinook","CK-03",2013,45958,45958,"DU2","Lower Fraser River_FA_0.3","LFR-fall",45958,45958,NA,NA,1984,TRUE
"Chinook","CK-03",2014,45232,45232,"DU2","Lower Fraser River_FA_0.3","LFR-fall",45232,45232,NA,NA,1984,TRUE
"Chinook","CK-03",2015,10604,10604,"DU2","Lower Fraser River_FA_0.3","LFR-fall",10604,10604,NA,NA,1984,TRUE
"Chinook","CK-03",2016,44684,44684,"DU2","Lower Fraser River_FA_0.3","LFR-fall",44684,44684,NA,NA,1984,TRUE
"Chinook","CK-03",2017,30183,30183,"DU2","Lower Fraser River_FA_0.3","LFR-fall",30183,30183,NA,NA,1984,TRUE
"Chinook","CK-03",2018,45978,45978,"DU2","Lower Fraser River_FA_0.3","LFR-fall",45978,45978,NA,NA,1984,TRUE
"Chinook","CK-03",2019,44168,44168,"DU2","Lower Fraser River_FA_0.3","LFR-fall",44168,44168,NA,NA,1984,TRUE
"Chinook","CK-03",2020,41206,41206,"DU2","Lower Fraser River_FA_0.3","LFR-fall",41206,41206,NA,NA,1984,TRUE
"Chinook","CK-03",2021,40451,40451,"DU2","Lower Fraser River_FA_0.3","LFR-fall",40451,40451,NA,NA,1984,TRUE
"Chinook","CK-03",2022,495,495,"DU2","Lower Fraser River_FA_0.3","LFR-fall",495,495,NA,NA,1984,TRUE
"Chinook","CK-03",2023,508,508,"DU2","Lower Fraser River_FA_0.3","LFR-fall",508,508,NA,NA,1984,TRUE
"Chinook","CK-03",2024,NA,NA,"DU2","Lower Fraser River_FA_0.3","LFR-fall",NA,NA,NA,NA,1984,TRUE
"Chinook","CK-04",2009,631,631,"DU3","Lower Fraser River_SP_1.3","LFR-spring",631,631,NA,NA,2009,TRUE
"Chinook","CK-04",2010,1520,1520,"DU3","Lower Fraser River_SP_1.3","LFR-spring",1520,1520,NA,NA,2009,TRUE
"Chinook","CK-04",2011,941,941,"DU3","Lower Fraser River_SP_1.3","LFR-spring",941,941,NA,NA,2009,TRUE
"Chinook","CK-04",2012,624,624,"DU3","Lower Fraser River_SP_1.3","LFR-spring",624,624,NA,NA,2009,TRUE
"Chinook","CK-04",2013,224,224,"DU3","Lower Fraser River_SP_1.3","LFR-spring",224,224,NA,NA,2009,TRUE
"Chinook","CK-04",2014,383,383,"DU3","Lower Fraser River_SP_1.3","LFR-spring",383,383,NA,NA,2009,TRUE
"Chinook","CK-04",2015,508,508,"DU3","Lower Fraser River_SP_1.3","LFR-spring",508,508,NA,NA,2009,TRUE
"Chinook","CK-04",2016,238,238,"DU3","Lower Fraser River_SP_1.3","LFR-spring",238,238,NA,NA,2009,TRUE
"Chinook","CK-04",2017,320,320,"DU3","Lower Fraser River_SP_1.3","LFR-spring",320,320,NA,NA,2009,TRUE
"Chinook","CK-04",2018,144,144,"DU3","Lower Fraser River_SP_1.3","LFR-spring",144,144,NA,NA,2009,TRUE
"Chinook","CK-04",2019,178,178,"DU3","Lower Fraser River_SP_1.3","LFR-spring",178,178,NA,NA,2009,TRUE
"Chinook","CK-04",2020,191,191,"DU3","Lower Fraser River_SP_1.3","LFR-spring",191,191,NA,NA,2009,TRUE
"Chinook","CK-04",2021,134,134,"DU3","Lower Fraser River_SP_1.3","LFR-spring",134,134,NA,NA,2009,TRUE
"Chinook","CK-04",2022,275,275,"DU3","Lower Fraser River_SP_1.3","LFR-spring",275,275,NA,NA,2009,TRUE
"Chinook","CK-04",2023,357,357,"DU3","Lower Fraser River_SP_1.3","LFR-spring",357,357,NA,NA,2009,TRUE
"Chinook","CK-04",2024,NA,NA,"DU3","Lower Fraser River_SP_1.3","LFR-spring",NA,NA,NA,NA,2009,TRUE
"Chinook","CK-05",1996,NA,NA,"DU4","Lower Fraser River-Upper Pitt_SU_1.3","LFR-UPITT",NA,NA,NA,NA,1996,TRUE
"Chinook","CK-05",1997,NA,NA,"DU4","Lower Fraser River-Upper Pitt_SU_1.3","LFR-UPITT",NA,NA,NA,NA,1996,TRUE
"Chinook","CK-05",1998,NA,NA,"DU4","Lower Fraser River-Upper Pitt_SU_1.3","LFR-UPITT",NA,NA,NA,NA,1996,TRUE
"Chinook","CK-05",1999,NA,NA,"DU4","Lower Fraser River-Upper Pitt_SU_1.3","LFR-UPITT",NA,NA,NA,NA,1996,TRUE
"Chinook","CK-05",2000,NA,NA,"DU4","Lower Fraser River-Upper Pitt_SU_1.3","LFR-UPITT",NA,NA,NA,NA,1996,TRUE
"Chinook","CK-05",2001,NA,NA,"DU4","Lower Fraser River-Upper Pitt_SU_1.3","LFR-UPITT",NA,NA,NA,NA,1996,TRUE
"Chinook","CK-05",2002,276,276,"DU4","Lower Fraser River-Upper Pitt_SU_1.3","LFR-UPITT",276,276,NA,NA,1996,TRUE
"Chinook","CK-05",2003,180,180,"DU4","Lower Fraser River-Upper Pitt_SU_1.3","LFR-UPITT",180,180,NA,NA,1996,TRUE
"Chinook","CK-05",2004,NA,NA,"DU4","Lower Fraser River-Upper Pitt_SU_1.3","LFR-UPITT",NA,NA,NA,NA,1996,TRUE
"Chinook","CK-05",2005,188,188,"DU4","Lower Fraser River-Upper Pitt_SU_1.3","LFR-UPITT",188,188,NA,NA,1996,TRUE
"Chinook","CK-05",2006,211,211,"DU4","Lower Fraser River-Upper Pitt_SU_1.3","LFR-UPITT",211,211,NA,NA,1996,TRUE
"Chinook","CK-05",2007,103,103,"DU4","Lower Fraser River-Upper Pitt_SU_1.3","LFR-UPITT",103,103,NA,NA,1996,TRUE
"Chinook","CK-05",2008,198,198,"DU4","Lower Fraser River-Upper Pitt_SU_1.3","LFR-UPITT",198,198,NA,NA,1996,TRUE
"Chinook","CK-05",2009,105,105,"DU4","Lower Fraser River-Upper Pitt_SU_1.3","LFR-UPITT",105,105,NA,NA,1996,TRUE
"Chinook","CK-05",2010,85,85,"DU4","Lower Fraser River-Upper Pitt_SU_1.3","LFR-UPITT",85,85,NA,NA,1996,TRUE
"Chinook","CK-05",2011,178,178,"DU4","Lower Fraser River-Upper Pitt_SU_1.3","LFR-UPITT",178,178,NA,NA,1996,TRUE
"Chinook","CK-05",2012,103,103,"DU4","Lower Fraser River-Upper Pitt_SU_1.3","LFR-UPITT",103,103,NA,NA,1996,TRUE
"Chinook","CK-05",2013,NA,NA,"DU4","Lower Fraser River-Upper Pitt_SU_1.3","LFR-UPITT",NA,NA,NA,NA,1996,TRUE
"Chinook","CK-05",2014,75,75,"DU4","Lower Fraser River-Upper Pitt_SU_1.3","LFR-UPITT",75,75,NA,NA,1996,TRUE
"Chinook","CK-05",2015,NA,NA,"DU4","Lower Fraser River-Upper Pitt_SU_1.3","LFR-UPITT",NA,NA,NA,NA,1996,TRUE
"Chinook","CK-05",2016,49,49,"DU4","Lower Fraser River-Upper Pitt_SU_1.3","LFR-UPITT",49,49,NA,NA,1996,TRUE
"Chinook","CK-05",2017,74,74,"DU4","Lower Fraser River-Upper Pitt_SU_1.3","LFR-UPITT",74,74,NA,NA,1996,TRUE
"Chinook","CK-05",2018,175,175,"DU4","Lower Fraser River-Upper Pitt_SU_1.3","LFR-UPITT",175,175,NA,NA,1996,TRUE
"Chinook","CK-05",2019,18,18,"DU4","Lower Fraser River-Upper Pitt_SU_1.3","LFR-UPITT",18,18,NA,NA,1996,TRUE
"Chinook","CK-05",2020,46,46,"DU4","Lower Fraser River-Upper Pitt_SU_1.3","LFR-UPITT",46,46,NA,NA,1996,TRUE
"Chinook","CK-05",2021,86,86,"DU4","Lower Fraser River-Upper Pitt_SU_1.3","LFR-UPITT",86,86,NA,NA,1996,TRUE
"Chinook","CK-05",2022,11,11,"DU4","Lower Fraser River-Upper Pitt_SU_1.3","LFR-UPITT",11,11,NA,NA,1996,TRUE
"Chinook","CK-05",2023,69,69,"DU4","Lower Fraser River-Upper Pitt_SU_1.3","LFR-UPITT",69,69,NA,NA,1996,TRUE
"Chinook","CK-05",2024,15,15,"DU4","Lower Fraser River-Upper Pitt_SU_1.3","LFR-UPITT",15,15,NA,NA,1996,TRUE
"Chinook","CK-06",2005,NA,NA,"DU5","Lower Fraser River_SU_1.3","LFR-summer",NA,NA,NA,NA,2005,TRUE
"Chinook","CK-06",2006,NA,NA,"DU5","Lower Fraser River_SU_1.3","LFR-summer",NA,NA,NA,NA,2005,TRUE
"Chinook","CK-06",2007,NA,NA,"DU5","Lower Fraser River_SU_1.3","LFR-summer",NA,NA,NA,NA,2005,TRUE
"Chinook","CK-06",2008,NA,NA,"DU5","Lower Fraser River_SU_1.3","LFR-summer",NA,NA,NA,NA,2005,TRUE
"Chinook","CK-06",2009,NA,NA,"DU5","Lower Fraser River_SU_1.3","LFR-summer",NA,NA,NA,NA,2005,TRUE
"Chinook","CK-06",2010,NA,NA,"DU5","Lower Fraser River_SU_1.3","LFR-summer",NA,NA,NA,NA,2005,TRUE
"Chinook","CK-06",2011,NA,NA,"DU5","Lower Fraser River_SU_1.3","LFR-summer",NA,NA,NA,NA,2005,TRUE
"Chinook","CK-06",2012,NA,NA,"DU5","Lower Fraser River_SU_1.3","LFR-summer",NA,NA,NA,NA,2005,TRUE
"Chinook","CK-06",2013,NA,NA,"DU5","Lower Fraser River_SU_1.3","LFR-summer",NA,NA,NA,NA,2005,TRUE
"Chinook","CK-06",2014,NA,NA,"DU5","Lower Fraser River_SU_1.3","LFR-summer",NA,NA,NA,NA,2005,TRUE
"Chinook","CK-06",2015,94,94,"DU5","Lower Fraser River_SU_1.3","LFR-summer",94,94,NA,NA,2005,TRUE
"Chinook","CK-06",2016,48,48,"DU5","Lower Fraser River_SU_1.3","LFR-summer",48,48,NA,NA,2005,TRUE
"Chinook","CK-06",2017,105,105,"DU5","Lower Fraser River_SU_1.3","LFR-summer",105,105,NA,NA,2005,TRUE
"Chinook","CK-06",2018,20,20,"DU5","Lower Fraser River_SU_1.3","LFR-summer",20,20,NA,NA,2005,TRUE
"Chinook","CK-06",2019,31,31,"DU5","Lower Fraser River_SU_1.3","LFR-summer",31,31,NA,NA,2005,TRUE
"Chinook","CK-06",2020,66,66,"DU5","Lower Fraser River_SU_1.3","LFR-summer",66,66,NA,NA,2005,TRUE
"Chinook","CK-06",2021,60,60,"DU5","Lower Fraser River_SU_1.3","LFR-summer",60,60,NA,NA,2005,TRUE
"Chinook","CK-06",2022,12,12,"DU5","Lower Fraser River_SU_1.3","LFR-summer",12,12,NA,NA,2005,TRUE
"Chinook","CK-06",2023,82,82,"DU5","Lower Fraser River_SU_1.3","LFR-summer",82,82,NA,NA,2005,TRUE
"Chinook","CK-06",2024,23,23,"DU5","Lower Fraser River_SU_1.3","LFR-summer",23,23,NA,NA,2005,TRUE
"Chinook","CK-07",1996,100,100,"DU6","Maria Slough_SU_0.3","Maria",100,100,NA,NA,1996,TRUE
"Chinook","CK-07",1997,100,100,"DU6","Maria Slough_SU_0.3","Maria",100,100,NA,NA,1996,TRUE
"Chinook","CK-07",1998,176,176,"DU6","Maria Slough_SU_0.3","Maria",176,176,NA,NA,1996,TRUE
"Chinook","CK-07",1999,220,220,"DU6","Maria Slough_SU_0.3","Maria",220,220,NA,NA,1996,TRUE
"Chinook","CK-07",2000,282,282,"DU6","Maria Slough_SU_0.3","Maria",282,282,NA,NA,1996,TRUE
"Chinook","CK-07",2001,422,422,"DU6","Maria Slough_SU_0.3","Maria",422,422,NA,NA,1996,TRUE
"Chinook","CK-07",2002,927,927,"DU6","Maria Slough_SU_0.3","Maria",927,927,NA,NA,1996,TRUE
"Chinook","CK-07",2003,782,782,"DU6","Maria Slough_SU_0.3","Maria",782,782,NA,NA,1996,TRUE
"Chinook","CK-07",2004,NA,NA,"DU6","Maria Slough_SU_0.3","Maria",NA,NA,NA,NA,1996,TRUE
"Chinook","CK-07",2005,419,419,"DU6","Maria Slough_SU_0.3","Maria",419,419,NA,NA,1996,TRUE
"Chinook","CK-07",2006,321,321,"DU6","Maria Slough_SU_0.3","Maria",321,321,NA,NA,1996,TRUE
"Chinook","CK-07",2007,713,713,"DU6","Maria Slough_SU_0.3","Maria",713,713,NA,NA,1996,TRUE
"Chinook","CK-07",2008,682,682,"DU6","Maria Slough_SU_0.3","Maria",682,682,NA,NA,1996,TRUE
"Chinook","CK-07",2009,645,645,"DU6","Maria Slough_SU_0.3","Maria",645,645,NA,NA,1996,TRUE
"Chinook","CK-07",2010,617,617,"DU6","Maria Slough_SU_0.3","Maria",617,617,NA,NA,1996,TRUE
"Chinook","CK-07",2011,1509,1509,"DU6","Maria Slough_SU_0.3","Maria",1509,1509,NA,NA,1996,TRUE
"Chinook","CK-07",2012,328,328,"DU6","Maria Slough_SU_0.3","Maria",328,328,NA,NA,1996,TRUE
"Chinook","CK-07",2013,1043,1043,"DU6","Maria Slough_SU_0.3","Maria",1043,1043,NA,NA,1996,TRUE
"Chinook","CK-07",2014,346,346,"DU6","Maria Slough_SU_0.3","Maria",346,346,NA,NA,1996,TRUE
"Chinook","CK-07",2015,1238,1238,"DU6","Maria Slough_SU_0.3","Maria",1238,1238,NA,NA,1996,TRUE
"Chinook","CK-07",2016,105,105,"DU6","Maria Slough_SU_0.3","Maria",105,105,NA,NA,1996,TRUE
"Chinook","CK-07",2017,71,71,"DU6","Maria Slough_SU_0.3","Maria",71,71,NA,NA,1996,TRUE
"Chinook","CK-07",2018,0,0.01,"DU6","Maria Slough_SU_0.3","Maria",0,0.01,NA,NA,1996,TRUE
"Chinook","CK-07",2019,345,345,"DU6","Maria Slough_SU_0.3","Maria",345,345,NA,NA,1996,TRUE
"Chinook","CK-07",2020,47,47,"DU6","Maria Slough_SU_0.3","Maria",47,47,NA,NA,1996,TRUE
"Chinook","CK-07",2021,34,34,"DU6","Maria Slough_SU_0.3","Maria",34,34,NA,NA,1996,TRUE
"Chinook","CK-07",2022,200,200,"DU6","Maria Slough_SU_0.3","Maria",200,200,NA,NA,1996,TRUE
"Chinook","CK-07",2023,33,33,"DU6","Maria Slough_SU_0.3","Maria",33,33,NA,NA,1996,TRUE
"Chinook","CK-07",2024,NA,NA,"DU6","Maria Slough_SU_0.3","Maria",NA,NA,NA,NA,1996,TRUE
"Chinook","CK-08",1997,31,31,"DU7","Middle Fraser-Fraser Canyon_SP_1.3","FRCanyon",31,31,NA,NA,1997,TRUE
"Chinook","CK-08",1998,8,8,"DU7","Middle Fraser-Fraser Canyon_SP_1.3","FRCanyon",8,8,NA,NA,1997,TRUE
"Chinook","CK-08",1999,NA,NA,"DU7","Middle Fraser-Fraser Canyon_SP_1.3","FRCanyon",NA,NA,NA,NA,1997,TRUE
"Chinook","CK-08",2000,40,40,"DU7","Middle Fraser-Fraser Canyon_SP_1.3","FRCanyon",40,40,NA,NA,1997,TRUE
"Chinook","CK-08",2001,97,97,"DU7","Middle Fraser-Fraser Canyon_SP_1.3","FRCanyon",97,97,NA,NA,1997,TRUE
"Chinook","CK-08",2002,169,169,"DU7","Middle Fraser-Fraser Canyon_SP_1.3","FRCanyon",169,169,NA,NA,1997,TRUE
"Chinook","CK-08",2003,89,89,"DU7","Middle Fraser-Fraser Canyon_SP_1.3","FRCanyon",89,89,NA,NA,1997,TRUE
"Chinook","CK-08",2004,54,54,"DU7","Middle Fraser-Fraser Canyon_SP_1.3","FRCanyon",54,54,NA,NA,1997,TRUE
"Chinook","CK-08",2005,NA,NA,"DU7","Middle Fraser-Fraser Canyon_SP_1.3","FRCanyon",NA,NA,NA,NA,1997,TRUE
"Chinook","CK-08",2006,NA,NA,"DU7","Middle Fraser-Fraser Canyon_SP_1.3","FRCanyon",NA,NA,NA,NA,1997,TRUE
"Chinook","CK-08",2007,NA,NA,"DU7","Middle Fraser-Fraser Canyon_SP_1.3","FRCanyon",NA,NA,NA,NA,1997,TRUE
"Chinook","CK-08",2008,NA,NA,"DU7","Middle Fraser-Fraser Canyon_SP_1.3","FRCanyon",NA,NA,NA,NA,1997,TRUE
"Chinook","CK-08",2009,17,17,"DU7","Middle Fraser-Fraser Canyon_SP_1.3","FRCanyon",17,17,NA,NA,1997,TRUE
"Chinook","CK-08",2010,2,2,"DU7","Middle Fraser-Fraser Canyon_SP_1.3","FRCanyon",2,2,NA,NA,1997,TRUE
"Chinook","CK-08",2011,11,11,"DU7","Middle Fraser-Fraser Canyon_SP_1.3","FRCanyon",11,11,NA,NA,1997,TRUE
"Chinook","CK-08",2012,65,65,"DU7","Middle Fraser-Fraser Canyon_SP_1.3","FRCanyon",65,65,NA,NA,1997,TRUE
"Chinook","CK-08",2013,34,34,"DU7","Middle Fraser-Fraser Canyon_SP_1.3","FRCanyon",34,34,NA,NA,1997,TRUE
"Chinook","CK-08",2014,2,2,"DU7","Middle Fraser-Fraser Canyon_SP_1.3","FRCanyon",2,2,NA,NA,1997,TRUE
"Chinook","CK-08",2015,6,6,"DU7","Middle Fraser-Fraser Canyon_SP_1.3","FRCanyon",6,6,NA,NA,1997,TRUE
"Chinook","CK-08",2016,17,17,"DU7","Middle Fraser-Fraser Canyon_SP_1.3","FRCanyon",17,17,NA,NA,1997,TRUE
"Chinook","CK-08",2017,8,8,"DU7","Middle Fraser-Fraser Canyon_SP_1.3","FRCanyon",8,8,NA,NA,1997,TRUE
"Chinook","CK-08",2018,11,11,"DU7","Middle Fraser-Fraser Canyon_SP_1.3","FRCanyon",11,11,NA,NA,1997,TRUE
"Chinook","CK-08",2019,80,80,"DU7","Middle Fraser-Fraser Canyon_SP_1.3","FRCanyon",80,80,NA,NA,1997,TRUE
"Chinook","CK-08",2020,71,71,"DU7","Middle Fraser-Fraser Canyon_SP_1.3","FRCanyon",71,71,NA,NA,1997,TRUE
"Chinook","CK-08",2021,30,30,"DU7","Middle Fraser-Fraser Canyon_SP_1.3","FRCanyon",30,30,NA,NA,1997,TRUE
"Chinook","CK-08",2022,86,86,"DU7","Middle Fraser-Fraser Canyon_SP_1.3","FRCanyon",86,86,NA,NA,1997,TRUE
"Chinook","CK-08",2023,108,108,"DU7","Middle Fraser-Fraser Canyon_SP_1.3","FRCanyon",108,108,NA,NA,1997,TRUE
"Chinook","CK-08",2024,74,74,"DU7","Middle Fraser-Fraser Canyon_SP_1.3","FRCanyon",74,74,NA,NA,1997,TRUE
"Chinook","CK-09",2000,46,46,"DU8","Middle Fraser River-Portage_FA_1.3","Portage",46,46,NA,NA,2000,TRUE
"Chinook","CK-09",2001,248,248,"DU8","Middle Fraser River-Portage_FA_1.3","Portage",248,248,NA,NA,2000,TRUE
"Chinook","CK-09",2002,445,445,"DU8","Middle Fraser River-Portage_FA_1.3","Portage",445,445,NA,NA,2000,TRUE
"Chinook","CK-09",2003,158,158,"DU8","Middle Fraser River-Portage_FA_1.3","Portage",158,158,NA,NA,2000,TRUE
"Chinook","CK-09",2004,102,102,"DU8","Middle Fraser River-Portage_FA_1.3","Portage",102,102,NA,NA,2000,TRUE
"Chinook","CK-09",2005,83,83,"DU8","Middle Fraser River-Portage_FA_1.3","Portage",83,83,NA,NA,2000,TRUE
"Chinook","CK-09",2006,245,245,"DU8","Middle Fraser River-Portage_FA_1.3","Portage",245,245,NA,NA,2000,TRUE
"Chinook","CK-09",2007,51,51,"DU8","Middle Fraser River-Portage_FA_1.3","Portage",51,51,NA,NA,2000,TRUE
"Chinook","CK-09",2008,217,217,"DU8","Middle Fraser River-Portage_FA_1.3","Portage",217,217,NA,NA,2000,TRUE
"Chinook","CK-09",2009,74,74,"DU8","Middle Fraser River-Portage_FA_1.3","Portage",74,74,NA,NA,2000,TRUE
"Chinook","CK-09",2010,123,123,"DU8","Middle Fraser River-Portage_FA_1.3","Portage",123,123,NA,NA,2000,TRUE
"Chinook","CK-09",2011,65,65,"DU8","Middle Fraser River-Portage_FA_1.3","Portage",65,65,NA,NA,2000,TRUE
"Chinook","CK-09",2012,37,37,"DU8","Middle Fraser River-Portage_FA_1.3","Portage",37,37,NA,NA,2000,TRUE
"Chinook","CK-09",2013,34,34,"DU8","Middle Fraser River-Portage_FA_1.3","Portage",34,34,NA,NA,2000,TRUE
"Chinook","CK-09",2014,77,77,"DU8","Middle Fraser River-Portage_FA_1.3","Portage",77,77,NA,NA,2000,TRUE
"Chinook","CK-09",2015,83,83,"DU8","Middle Fraser River-Portage_FA_1.3","Portage",83,83,NA,NA,2000,TRUE
"Chinook","CK-09",2016,12,12,"DU8","Middle Fraser River-Portage_FA_1.3","Portage",12,12,NA,NA,2000,TRUE
"Chinook","CK-09",2017,20,20,"DU8","Middle Fraser River-Portage_FA_1.3","Portage",20,20,NA,NA,2000,TRUE
"Chinook","CK-09",2018,35,35,"DU8","Middle Fraser River-Portage_FA_1.3","Portage",35,35,NA,NA,2000,TRUE
"Chinook","CK-09",2019,228,228,"DU8","Middle Fraser River-Portage_FA_1.3","Portage",228,228,NA,NA,2000,TRUE
"Chinook","CK-09",2020,41,41,"DU8","Middle Fraser River-Portage_FA_1.3","Portage",41,41,NA,NA,2000,TRUE
"Chinook","CK-09",2021,26,26,"DU8","Middle Fraser River-Portage_FA_1.3","Portage",26,26,NA,NA,2000,TRUE
"Chinook","CK-09",2022,70,70,"DU8","Middle Fraser River-Portage_FA_1.3","Portage",70,70,NA,NA,2000,TRUE
"Chinook","CK-09",2023,221,221,"DU8","Middle Fraser River-Portage_FA_1.3","Portage",221,221,NA,NA,2000,TRUE
"Chinook","CK-09",2024,91,91,"DU8","Middle Fraser River-Portage_FA_1.3","Portage",91,91,NA,NA,2000,TRUE
"Chinook","CK-10",1995,18042.5831229747,15659.3477345732,"DU9","Middle Fraser River_SP_1.3","MFR-spring",18042.5831229747,15659.3477345732,NA,NA,1995,TRUE
"Chinook","CK-10",1996,14664.8221543711,11370.6794353204,"DU9","Middle Fraser River_SP_1.3","MFR-spring",14664.8221543711,11370.6794353204,NA,NA,1995,TRUE
"Chinook","CK-10",1997,11500.2798123554,9807.42145003553,"DU9","Middle Fraser River_SP_1.3","MFR-spring",11500.2798123554,9807.42145003553,NA,NA,1995,TRUE
"Chinook","CK-10",1998,7303.67022692586,5799.73265474473,"DU9","Middle Fraser River_SP_1.3","MFR-spring",7303.67022692586,5799.73265474473,NA,NA,1995,TRUE
"Chinook","CK-10",1999,7760.1591895265,6169.1591895265,"DU9","Middle Fraser River_SP_1.3","MFR-spring",7760.1591895265,6169.1591895265,NA,NA,1995,TRUE
"Chinook","CK-10",2000,7901.46574940389,6668.46574940389,"DU9","Middle Fraser River_SP_1.3","MFR-spring",7901.46574940389,6668.46574940389,NA,NA,1995,TRUE
"Chinook","CK-10",2001,6133.49753810521,5002.49753810521,"DU9","Middle Fraser River_SP_1.3","MFR-spring",6133.49753810521,5002.49753810521,NA,NA,1995,TRUE
"Chinook","CK-10",2002,8359.97849425479,6292.97849425479,"DU9","Middle Fraser River_SP_1.3","MFR-spring",8359.97849425479,6292.97849425479,NA,NA,1995,TRUE
"Chinook","CK-10",2003,12810.4742418154,10576.4235537683,"DU9","Middle Fraser River_SP_1.3","MFR-spring",12810.4742418154,10576.4235537683,NA,NA,1995,TRUE
"Chinook","CK-10",2004,6206.77461030054,4656,"DU9","Middle Fraser River_SP_1.3","MFR-spring",6206.77461030054,4656,NA,NA,1995,TRUE
"Chinook","CK-10",2005,4947,4223,"DU9","Middle Fraser River_SP_1.3","MFR-spring",4947,4223,NA,NA,1995,TRUE
"Chinook","CK-10",2006,4341.9562123283,3828.9562123283,"DU9","Middle Fraser River_SP_1.3","MFR-spring",4341.9562123283,3828.9562123283,NA,NA,1995,TRUE
"Chinook","CK-10",2007,1748,1406,"DU9","Middle Fraser River_SP_1.3","MFR-spring",1748,1406,NA,NA,1995,TRUE
"Chinook","CK-10",2008,6201,3519,"DU9","Middle Fraser River_SP_1.3","MFR-spring",6201,3519,NA,NA,1995,TRUE
"Chinook","CK-10",2009,3087,2520,"DU9","Middle Fraser River_SP_1.3","MFR-spring",3087,2520,NA,NA,1995,TRUE
"Chinook","CK-10",2010,6806,4624,"DU9","Middle Fraser River_SP_1.3","MFR-spring",6806,4624,NA,NA,1995,TRUE
"Chinook","CK-10",2011,3602,2564,"DU9","Middle Fraser River_SP_1.3","MFR-spring",3602,2564,NA,NA,1995,TRUE
"Chinook","CK-10",2012,3012.82682507117,2177.82682507117,"DU9","Middle Fraser River_SP_1.3","MFR-spring",3012.82682507117,2177.82682507117,NA,NA,1995,TRUE
"Chinook","CK-10",2013,4051.49086017716,3412.49086017716,"DU9","Middle Fraser River_SP_1.3","MFR-spring",4051.49086017716,3412.49086017716,NA,NA,1995,TRUE
"Chinook","CK-10",2014,15149.270521676,13367.270521676,"DU9","Middle Fraser River_SP_1.3","MFR-spring",15149.270521676,13367.270521676,NA,NA,1995,TRUE
"Chinook","CK-10",2015,8161.07479078455,7117.07479078455,"DU9","Middle Fraser River_SP_1.3","MFR-spring",8161.07479078455,7117.07479078455,NA,NA,1995,TRUE
"Chinook","CK-10",2016,2711.34644829541,2236.34382583969,"DU9","Middle Fraser River_SP_1.3","MFR-spring",2711.34644829541,2236.34382583969,NA,NA,1995,TRUE
"Chinook","CK-10",2017,1911.49314322757,1310.25051856546,"DU9","Middle Fraser River_SP_1.3","MFR-spring",1911.49314322757,1310.25051856546,NA,NA,1995,TRUE
"Chinook","CK-10",2018,2452.92981868328,2230.92981868328,"DU9","Middle Fraser River_SP_1.3","MFR-spring",2452.92981868328,2230.92981868328,NA,NA,1995,TRUE
"Chinook","CK-10",2019,1041,868,"DU9","Middle Fraser River_SP_1.3","MFR-spring",1041,868,NA,NA,1995,TRUE
"Chinook","CK-10",2020,4852.14170655351,4518,"DU9","Middle Fraser River_SP_1.3","MFR-spring",4852.14170655351,4518,NA,NA,1995,TRUE
"Chinook","CK-10",2021,4901,4128,"DU9","Middle Fraser River_SP_1.3","MFR-spring",4901,4128,NA,NA,1995,TRUE
"Chinook","CK-10",2022,6453,5376,"DU9","Middle Fraser River_SP_1.3","MFR-spring",6453,5376,NA,NA,1995,TRUE
"Chinook","CK-10",2023,3710.45107614689,3424.45107614689,"DU9","Middle Fraser River_SP_1.3","MFR-spring",3710.45107614689,3424.45107614689,NA,NA,1995,TRUE
"Chinook","CK-10",2024,3526.57874016685,3199.64990278792,"DU9","Middle Fraser River_SP_1.3","MFR-spring",3526.57874016685,3199.64990278792,NA,NA,1995,TRUE
"Chinook","CK-11",2006,17280.1284255667,17280.1284255667,"DU10","Middle Fraser River_SU_1.3","MFR-summer",17280.1284255667,17280.1284255667,NA,NA,2006,TRUE
"Chinook","CK-11",2007,9671.37794878629,9671.37794878629,"DU10","Middle Fraser River_SU_1.3","MFR-summer",9671.37794878629,9671.37794878629,NA,NA,2006,TRUE
"Chinook","CK-11",2008,14296.9145069765,14296.9145069765,"DU10","Middle Fraser River_SU_1.3","MFR-summer",14296.9145069765,14296.9145069765,NA,NA,2006,TRUE
"Chinook","CK-11",2009,16627.7175169789,16627.7175169789,"DU10","Middle Fraser River_SU_1.3","MFR-summer",16627.7175169789,16627.7175169789,NA,NA,2006,TRUE
"Chinook","CK-11",2010,19444,19444,"DU10","Middle Fraser River_SU_1.3","MFR-summer",19444,19444,NA,NA,2006,TRUE
"Chinook","CK-11",2011,16251.5248129748,16251.5248129748,"DU10","Middle Fraser River_SU_1.3","MFR-summer",16251.5248129748,16251.5248129748,NA,NA,2006,TRUE
"Chinook","CK-11",2012,7763.08483957775,7763.08483957775,"DU10","Middle Fraser River_SU_1.3","MFR-summer",7763.08483957775,7763.08483957775,NA,NA,2006,TRUE
"Chinook","CK-11",2013,9313.30006559384,9313.30006559384,"DU10","Middle Fraser River_SU_1.3","MFR-summer",9313.30006559384,9313.30006559384,NA,NA,2006,TRUE
"Chinook","CK-11",2014,22617.8584877474,22617.8584877474,"DU10","Middle Fraser River_SU_1.3","MFR-summer",22617.8584877474,22617.8584877474,NA,NA,2006,TRUE
"Chinook","CK-11",2015,25645,25645,"DU10","Middle Fraser River_SU_1.3","MFR-summer",25645,25645,NA,NA,2006,TRUE
"Chinook","CK-11",2016,9072,9072,"DU10","Middle Fraser River_SU_1.3","MFR-summer",9072,9072,NA,NA,2006,TRUE
"Chinook","CK-11",2017,5456,5456,"DU10","Middle Fraser River_SU_1.3","MFR-summer",5456,5456,NA,NA,2006,TRUE
"Chinook","CK-11",2018,5059.45295147184,5059.45295147184,"DU10","Middle Fraser River_SU_1.3","MFR-summer",5059.45295147184,5059.45295147184,NA,NA,2006,TRUE
"Chinook","CK-11",2019,4600.56004009487,4600.56004009487,"DU10","Middle Fraser River_SU_1.3","MFR-summer",4600.56004009487,4600.56004009487,NA,NA,2006,TRUE
"Chinook","CK-11",2020,9670.58656095327,9670.58656095327,"DU10","Middle Fraser River_SU_1.3","MFR-summer",9670.58656095327,9670.58656095327,NA,NA,2006,TRUE
"Chinook","CK-11",2021,10614.8063071736,10614.8063071736,"DU10","Middle Fraser River_SU_1.3","MFR-summer",10614.8063071736,10614.8063071736,NA,NA,2006,TRUE
"Chinook","CK-11",2022,23786.8095728315,23786.8095728315,"DU10","Middle Fraser River_SU_1.3","MFR-summer",23786.8095728315,23786.8095728315,NA,NA,2006,TRUE
"Chinook","CK-11",2023,15166.6797428215,15166.6797428215,"DU10","Middle Fraser River_SU_1.3","MFR-summer",15166.6797428215,15166.6797428215,NA,NA,2006,TRUE
"Chinook","CK-11",2024,9437.96803444882,9437.96803444882,"DU10","Middle Fraser River_SU_1.3","MFR-summer",9437.96803444882,9437.96803444882,NA,NA,2006,TRUE
"Chinook","CK-12",2006,16436,16436,"DU11","Upper Fraser River_SP_1.3","UFR-spring",16436,16436,NA,NA,2006,TRUE
"Chinook","CK-12",2007,8459.78281941888,8459.78281941888,"DU11","Upper Fraser River_SP_1.3","UFR-spring",8459.78281941888,8459.78281941888,NA,NA,2006,TRUE
"Chinook","CK-12",2008,13921.7291577388,13921.7291577388,"DU11","Upper Fraser River_SP_1.3","UFR-spring",13921.7291577388,13921.7291577388,NA,NA,2006,TRUE
"Chinook","CK-12",2009,23521.2904255778,23521.2904255778,"DU11","Upper Fraser River_SP_1.3","UFR-spring",23521.2904255778,23521.2904255778,NA,NA,2006,TRUE
"Chinook","CK-12",2010,10201.3011025428,10201.3011025428,"DU11","Upper Fraser River_SP_1.3","UFR-spring",10201.3011025428,10201.3011025428,NA,NA,2006,TRUE
"Chinook","CK-12",2011,8158.51436994287,8158.51436994287,"DU11","Upper Fraser River_SP_1.3","UFR-spring",8158.51436994287,8158.51436994287,NA,NA,2006,TRUE
"Chinook","CK-12",2012,7803.12221628049,7803.12221628049,"DU11","Upper Fraser River_SP_1.3","UFR-spring",7803.12221628049,7803.12221628049,NA,NA,2006,TRUE
"Chinook","CK-12",2013,13117.2117124537,13117.2117124537,"DU11","Upper Fraser River_SP_1.3","UFR-spring",13117.2117124537,13117.2117124537,NA,NA,2006,TRUE
"Chinook","CK-12",2014,22570.9558121985,22570.9558121985,"DU11","Upper Fraser River_SP_1.3","UFR-spring",22570.9558121985,22570.9558121985,NA,NA,2006,TRUE
"Chinook","CK-12",2015,17241.0917065012,17241.0917065012,"DU11","Upper Fraser River_SP_1.3","UFR-spring",17241.0917065012,17241.0917065012,NA,NA,2006,TRUE
"Chinook","CK-12",2016,12423.1259545804,12423.1259545804,"DU11","Upper Fraser River_SP_1.3","UFR-spring",12423.1259545804,12423.1259545804,NA,NA,2006,TRUE
"Chinook","CK-12",2017,6708.69207996427,6708.69207996427,"DU11","Upper Fraser River_SP_1.3","UFR-spring",6708.69207996427,6708.69207996427,NA,NA,2006,TRUE
"Chinook","CK-12",2018,7221.58247515573,7221.58247515573,"DU11","Upper Fraser River_SP_1.3","UFR-spring",7221.58247515573,7221.58247515573,NA,NA,2006,TRUE
"Chinook","CK-12",2019,1934.60244472351,1934.60244472351,"DU11","Upper Fraser River_SP_1.3","UFR-spring",1934.60244472351,1934.60244472351,NA,NA,2006,TRUE
"Chinook","CK-12",2020,13411.4713056231,13411.4713056231,"DU11","Upper Fraser River_SP_1.3","UFR-spring",13411.4713056231,13411.4713056231,NA,NA,2006,TRUE
"Chinook","CK-12",2021,14089.0318456484,14089.0318456484,"DU11","Upper Fraser River_SP_1.3","UFR-spring",14089.0318456484,14089.0318456484,NA,NA,2006,TRUE
"Chinook","CK-12",2022,18506.4938572262,18506.4938572262,"DU11","Upper Fraser River_SP_1.3","UFR-spring",18506.4938572262,18506.4938572262,NA,NA,2006,TRUE
"Chinook","CK-12",2023,12694.8695003463,12694.8695003463,"DU11","Upper Fraser River_SP_1.3","UFR-spring",12694.8695003463,12694.8695003463,NA,NA,2006,TRUE
"Chinook","CK-12",2024,10865.5850153393,10865.5850153393,"DU11","Upper Fraser River_SP_1.3","UFR-spring",10865.5850153393,10865.5850153393,NA,NA,2006,TRUE
"Chinook","CK-13",1997,8129,8129,"DU12","South Thompson_SU_0.3","STh-0.3",8129,8129,NA,NA,1997,TRUE
"Chinook","CK-13",1998,7348,7348,"DU12","South Thompson_SU_0.3","STh-0.3",7348,7348,NA,NA,1997,TRUE
"Chinook","CK-13",1999,3799,3799,"DU12","South Thompson_SU_0.3","STh-0.3",3799,3799,NA,NA,1997,TRUE
"Chinook","CK-13",2000,7612,7612,"DU12","South Thompson_SU_0.3","STh-0.3",7612,7612,NA,NA,1997,TRUE
"Chinook","CK-13",2001,20260,20260,"DU12","South Thompson_SU_0.3","STh-0.3",20260,20260,NA,NA,1997,TRUE
"Chinook","CK-13",2002,12075,12075,"DU12","South Thompson_SU_0.3","STh-0.3",12075,12075,NA,NA,1997,TRUE
"Chinook","CK-13",2003,8894,8894,"DU12","South Thompson_SU_0.3","STh-0.3",8894,8894,NA,NA,1997,TRUE
"Chinook","CK-13",2004,10395,10395,"DU12","South Thompson_SU_0.3","STh-0.3",10395,10395,NA,NA,1997,TRUE
"Chinook","CK-13",2005,14933,14933,"DU12","South Thompson_SU_0.3","STh-0.3",14933,14933,NA,NA,1997,TRUE
"Chinook","CK-13",2006,19420,19420,"DU12","South Thompson_SU_0.3","STh-0.3",19420,19420,NA,NA,1997,TRUE
"Chinook","CK-13",2007,12583,12583,"DU12","South Thompson_SU_0.3","STh-0.3",12583,12583,NA,NA,1997,TRUE
"Chinook","CK-13",2008,72200,72200,"DU12","South Thompson_SU_0.3","STh-0.3",72200,72200,NA,NA,1997,TRUE
"Chinook","CK-13",2009,58719,58719,"DU12","South Thompson_SU_0.3","STh-0.3",58719,58719,NA,NA,1997,TRUE
"Chinook","CK-13",2010,80996,80996,"DU12","South Thompson_SU_0.3","STh-0.3",80996,80996,NA,NA,1997,TRUE
"Chinook","CK-13",2011,105244,105244,"DU12","South Thompson_SU_0.3","STh-0.3",105244,105244,NA,NA,1997,TRUE
"Chinook","CK-13",2012,42983,42983,"DU12","South Thompson_SU_0.3","STh-0.3",42983,42983,NA,NA,1997,TRUE
"Chinook","CK-13",2013,87495,87495,"DU12","South Thompson_SU_0.3","STh-0.3",87495,87495,NA,NA,1997,TRUE
"Chinook","CK-13",2014,37840,37840,"DU12","South Thompson_SU_0.3","STh-0.3",37840,37840,NA,NA,1997,TRUE
"Chinook","CK-13",2015,134254,134254,"DU12","South Thompson_SU_0.3","STh-0.3",134254,134254,NA,NA,1997,TRUE
"Chinook","CK-13",2016,86205,86205,"DU12","South Thompson_SU_0.3","STh-0.3",86205,86205,NA,NA,1997,TRUE
"Chinook","CK-13",2017,70182,70182,"DU12","South Thompson_SU_0.3","STh-0.3",70182,70182,NA,NA,1997,TRUE
"Chinook","CK-13",2018,27323,27323,"DU12","South Thompson_SU_0.3","STh-0.3",27323,27323,NA,NA,1997,TRUE
"Chinook","CK-13",2019,137227,137227,"DU12","South Thompson_SU_0.3","STh-0.3",137227,137227,NA,NA,1997,TRUE
"Chinook","CK-13",2020,269540,269540,"DU12","South Thompson_SU_0.3","STh-0.3",269540,269540,NA,NA,1997,TRUE
"Chinook","CK-13",2021,144228,144228,"DU12","South Thompson_SU_0.3","STh-0.3",144228,144228,NA,NA,1997,TRUE
"Chinook","CK-13",2022,51645,51645,"DU12","South Thompson_SU_0.3","STh-0.3",51645,51645,NA,NA,1997,TRUE
"Chinook","CK-13",2023,21904,21904,"DU12","South Thompson_SU_0.3","STh-0.3",21904,21904,NA,NA,1997,TRUE
"Chinook","CK-13",2024,NA,NA,"DU12","South Thompson_SU_0.3","STh-0.3",NA,NA,NA,NA,1997,TRUE
"Chinook","CK-14",1999,6109.29093836401,1705.29093836401,"DU13","South Thompson_SU_1.3","STh-1.3",6109.29093836401,1705.29093836401,NA,NA,1999,TRUE
"Chinook","CK-14",2000,10646.9198532362,1197.91985323618,"DU13","South Thompson_SU_1.3","STh-1.3",10646.9198532362,1197.91985323618,NA,NA,1999,TRUE
"Chinook","CK-14",2001,7244.8378116572,1439.8378116572,"DU13","South Thompson_SU_1.3","STh-1.3",7244.8378116572,1439.8378116572,NA,NA,1999,TRUE
"Chinook","CK-14",2002,7322.66321783711,1529.66321783711,"DU13","South Thompson_SU_1.3","STh-1.3",7322.66321783711,1529.66321783711,NA,NA,1999,TRUE
"Chinook","CK-14",2003,7454.05676073826,1662.05676073826,"DU13","South Thompson_SU_1.3","STh-1.3",7454.05676073826,1662.05676073826,NA,NA,1999,TRUE
"Chinook","CK-14",2004,4272.3115834089,913.311583408896,"DU13","South Thompson_SU_1.3","STh-1.3",4272.3115834089,913.311583408896,NA,NA,1999,TRUE
"Chinook","CK-14",2005,5437.67123698601,483.67123698601,"DU13","South Thompson_SU_1.3","STh-1.3",5437.67123698601,483.67123698601,NA,NA,1999,TRUE
"Chinook","CK-14",2006,5525.6038387737,579.603838773702,"DU13","South Thompson_SU_1.3","STh-1.3",5525.6038387737,579.603838773702,NA,NA,1999,TRUE
"Chinook","CK-14",2007,6250.28976385158,400.289763851577,"DU13","South Thompson_SU_1.3","STh-1.3",6250.28976385158,400.289763851577,NA,NA,1999,TRUE
"Chinook","CK-14",2008,1198,678,"DU13","South Thompson_SU_1.3","STh-1.3",1198,678,NA,NA,1999,TRUE
"Chinook","CK-14",2009,980,588,"DU13","South Thompson_SU_1.3","STh-1.3",980,588,NA,NA,1999,TRUE
"Chinook","CK-14",2010,2438,1768,"DU13","South Thompson_SU_1.3","STh-1.3",2438,1768,NA,NA,1999,TRUE
"Chinook","CK-14",2011,672,449,"DU13","South Thompson_SU_1.3","STh-1.3",672,449,NA,NA,1999,TRUE
"Chinook","CK-14",2012,837,443,"DU13","South Thompson_SU_1.3","STh-1.3",837,443,NA,NA,1999,TRUE
"Chinook","CK-14",2013,1661,916,"DU13","South Thompson_SU_1.3","STh-1.3",1661,916,NA,NA,1999,TRUE
"Chinook","CK-14",2014,1704,851,"DU13","South Thompson_SU_1.3","STh-1.3",1704,851,NA,NA,1999,TRUE
"Chinook","CK-14",2015,1095,908,"DU13","South Thompson_SU_1.3","STh-1.3",1095,908,NA,NA,1999,TRUE
"Chinook","CK-14",2016,992.366494101196,277,"DU13","South Thompson_SU_1.3","STh-1.3",992.366494101196,277,NA,NA,1999,TRUE
"Chinook","CK-14",2017,1141,935,"DU13","South Thompson_SU_1.3","STh-1.3",1141,935,NA,NA,1999,TRUE
"Chinook","CK-14",2018,922,750,"DU13","South Thompson_SU_1.3","STh-1.3",922,750,NA,NA,1999,TRUE
"Chinook","CK-14",2019,1228,807,"DU13","South Thompson_SU_1.3","STh-1.3",1228,807,NA,NA,1999,TRUE
"Chinook","CK-14",2020,1109,723,"DU13","South Thompson_SU_1.3","STh-1.3",1109,723,NA,NA,1999,TRUE
"Chinook","CK-14",2021,3125,2669,"DU13","South Thompson_SU_1.3","STh-1.3",3125,2669,NA,NA,1999,TRUE
"Chinook","CK-14",2022,1253,715,"DU13","South Thompson_SU_1.3","STh-1.3",1253,715,NA,NA,1999,TRUE
"Chinook","CK-14",2023,1241,950,"DU13","South Thompson_SU_1.3","STh-1.3",1241,950,NA,NA,1999,TRUE
"Chinook","CK-14",2024,2059.96654912703,575,"DU13","South Thompson_SU_1.3","STh-1.3",2059.96654912703,575,NA,NA,1999,TRUE
"Chinook","CK-15",1975,4292,4292,"DU12","Shuswap River_SU_0.3","STh-SHUR",4292,4292,NA,NA,1975,TRUE
"Chinook","CK-15",1976,3802,3802,"DU12","Shuswap River_SU_0.3","STh-SHUR",3802,3802,NA,NA,1975,TRUE
"Chinook","CK-15",1977,4292,4292,"DU12","Shuswap River_SU_0.3","STh-SHUR",4292,4292,NA,NA,1975,TRUE
"Chinook","CK-15",1978,3802,3802,"DU12","Shuswap River_SU_0.3","STh-SHUR",3802,3802,NA,NA,1975,TRUE
"Chinook","CK-15",1979,4292,4292,"DU12","Shuswap River_SU_0.3","STh-SHUR",4292,4292,NA,NA,1975,TRUE
"Chinook","CK-15",1980,4292,4292,"DU12","Shuswap River_SU_0.3","STh-SHUR",4292,4292,NA,NA,1975,TRUE
"Chinook","CK-15",1981,3802,3802,"DU12","Shuswap River_SU_0.3","STh-SHUR",3802,3802,NA,NA,1975,TRUE
"Chinook","CK-15",1982,4292,4292,"DU12","Shuswap River_SU_0.3","STh-SHUR",4292,4292,NA,NA,1975,TRUE
"Chinook","CK-15",1983,3802,3802,"DU12","Shuswap River_SU_0.3","STh-SHUR",3802,3802,NA,NA,1975,TRUE
"Chinook","CK-15",1984,3011,3011,"DU12","Shuswap River_SU_0.3","STh-SHUR",3011,3011,NA,NA,1975,TRUE
"Chinook","CK-15",1985,3802,3802,"DU12","Shuswap River_SU_0.3","STh-SHUR",3802,3802,NA,NA,1975,TRUE
"Chinook","CK-15",1986,3880,3880,"DU12","Shuswap River_SU_0.3","STh-SHUR",3880,3880,NA,NA,1975,TRUE
"Chinook","CK-15",1987,4059,4059,"DU12","Shuswap River_SU_0.3","STh-SHUR",4059,4059,NA,NA,1975,TRUE
"Chinook","CK-15",1988,5687,5687,"DU12","Shuswap River_SU_0.3","STh-SHUR",5687,5687,NA,NA,1975,TRUE
"Chinook","CK-15",1989,5424,5424,"DU12","Shuswap River_SU_0.3","STh-SHUR",5424,5424,NA,NA,1975,TRUE
"Chinook","CK-15",1990,4504,4504,"DU12","Shuswap River_SU_0.3","STh-SHUR",4504,4504,NA,NA,1975,TRUE
"Chinook","CK-15",1991,5441,5441,"DU12","Shuswap River_SU_0.3","STh-SHUR",5441,5441,NA,NA,1975,TRUE
"Chinook","CK-15",1992,4503,4503,"DU12","Shuswap River_SU_0.3","STh-SHUR",4503,4503,NA,NA,1975,TRUE
"Chinook","CK-15",1993,7097,7097,"DU12","Shuswap River_SU_0.3","STh-SHUR",7097,7097,NA,NA,1975,TRUE
"Chinook","CK-15",1994,5474,5474,"DU12","Shuswap River_SU_0.3","STh-SHUR",5474,5474,NA,NA,1975,TRUE
"Chinook","CK-15",1995,7660,7660,"DU12","Shuswap River_SU_0.3","STh-SHUR",7660,7660,NA,NA,1975,TRUE
"Chinook","CK-15",1996,8776,8776,"DU12","Shuswap River_SU_0.3","STh-SHUR",8776,8776,NA,NA,1975,TRUE
"Chinook","CK-15",1997,3603,3603,"DU12","Shuswap River_SU_0.3","STh-SHUR",3603,3603,NA,NA,1975,TRUE
"Chinook","CK-15",1998,4928,4928,"DU12","Shuswap River_SU_0.3","STh-SHUR",4928,4928,NA,NA,1975,TRUE
"Chinook","CK-15",1999,7064,7064,"DU12","Shuswap River_SU_0.3","STh-SHUR",7064,7064,NA,NA,1975,TRUE
"Chinook","CK-15",2000,3528,3528,"DU12","Shuswap River_SU_0.3","STh-SHUR",3528,3528,NA,NA,1975,TRUE
"Chinook","CK-15",2001,5709,5709,"DU12","Shuswap River_SU_0.3","STh-SHUR",5709,5709,NA,NA,1975,TRUE
"Chinook","CK-15",2002,4401,4401,"DU12","Shuswap River_SU_0.3","STh-SHUR",4401,4401,NA,NA,1975,TRUE
"Chinook","CK-15",2003,5726,5726,"DU12","Shuswap River_SU_0.3","STh-SHUR",5726,5726,NA,NA,1975,TRUE
"Chinook","CK-15",2004,7383,7383,"DU12","Shuswap River_SU_0.3","STh-SHUR",7383,7383,NA,NA,1975,TRUE
"Chinook","CK-15",2005,5611,5611,"DU12","Shuswap River_SU_0.3","STh-SHUR",5611,5611,NA,NA,1975,TRUE
"Chinook","CK-15",2006,4766,4766,"DU12","Shuswap River_SU_0.3","STh-SHUR",4766,4766,NA,NA,1975,TRUE
"Chinook","CK-15",2007,5618,5618,"DU12","Shuswap River_SU_0.3","STh-SHUR",5618,5618,NA,NA,1975,TRUE
"Chinook","CK-15",2008,14269,14269,"DU12","Shuswap River_SU_0.3","STh-SHUR",14269,14269,NA,NA,1975,TRUE
"Chinook","CK-15",2009,22971,22971,"DU12","Shuswap River_SU_0.3","STh-SHUR",22971,22971,NA,NA,1975,TRUE
"Chinook","CK-15",2010,72483,72483,"DU12","Shuswap River_SU_0.3","STh-SHUR",72483,72483,NA,NA,1975,TRUE
"Chinook","CK-15",2011,18093,18093,"DU12","Shuswap River_SU_0.3","STh-SHUR",18093,18093,NA,NA,1975,TRUE
"Chinook","CK-15",2012,3542,3542,"DU12","Shuswap River_SU_0.3","STh-SHUR",3542,3542,NA,NA,1975,TRUE
"Chinook","CK-15",2013,22414,22414,"DU12","Shuswap River_SU_0.3","STh-SHUR",22414,22414,NA,NA,1975,TRUE
"Chinook","CK-15",2014,42942,42942,"DU12","Shuswap River_SU_0.3","STh-SHUR",42942,42942,NA,NA,1975,TRUE
"Chinook","CK-15",2015,38729,38729,"DU12","Shuswap River_SU_0.3","STh-SHUR",38729,38729,NA,NA,1975,TRUE
"Chinook","CK-15",2016,6388,6388,"DU12","Shuswap River_SU_0.3","STh-SHUR",6388,6388,NA,NA,1975,TRUE
"Chinook","CK-15",2017,12293,12293,"DU12","Shuswap River_SU_0.3","STh-SHUR",12293,12293,NA,NA,1975,TRUE
"Chinook","CK-15",2018,16222,16222,"DU12","Shuswap River_SU_0.3","STh-SHUR",16222,16222,NA,NA,1975,TRUE
"Chinook","CK-15",2019,26319,26319,"DU12","Shuswap River_SU_0.3","STh-SHUR",26319,26319,NA,NA,1975,TRUE
"Chinook","CK-15",2020,22264,22264,"DU12","Shuswap River_SU_0.3","STh-SHUR",22264,22264,NA,NA,1975,TRUE
"Chinook","CK-15",2021,27980,27980,"DU12","Shuswap River_SU_0.3","STh-SHUR",27980,27980,NA,NA,1975,TRUE
"Chinook","CK-15",2022,32858,32858,"DU12","Shuswap River_SU_0.3","STh-SHUR",32858,32858,NA,NA,1975,TRUE
"Chinook","CK-15",2023,1072,1072,"DU12","Shuswap River_SU_0.3","STh-SHUR",1072,1072,NA,NA,1975,TRUE
"Chinook","CK-15",2024,NA,NA,"DU12","Shuswap River_SU_0.3","STh-SHUR",NA,NA,NA,NA,1975,TRUE
"Chinook","CK-16",1999,300.359783601014,300.359783601014,"DU14","South Thompson-Bessette Creek_SU_1.2","STh-BESS",300.359783601014,300.359783601014,NA,NA,1999,TRUE
"Chinook","CK-16",2000,91,91,"DU14","South Thompson-Bessette Creek_SU_1.2","STh-BESS",91,91,NA,NA,1999,TRUE
"Chinook","CK-16",2001,459,459,"DU14","South Thompson-Bessette Creek_SU_1.2","STh-BESS",459,459,NA,NA,1999,TRUE
"Chinook","CK-16",2002,185.461121329359,185.461121329359,"DU14","South Thompson-Bessette Creek_SU_1.2","STh-BESS",185.461121329359,185.461121329359,NA,NA,1999,TRUE
"Chinook","CK-16",2003,207,207,"DU14","South Thompson-Bessette Creek_SU_1.2","STh-BESS",207,207,NA,NA,1999,TRUE
"Chinook","CK-16",2004,122.805337096467,122.805337096467,"DU14","South Thompson-Bessette Creek_SU_1.2","STh-BESS",122.805337096467,122.805337096467,NA,NA,1999,TRUE
"Chinook","CK-16",2005,180,180,"DU14","South Thompson-Bessette Creek_SU_1.2","STh-BESS",180,180,NA,NA,1999,TRUE
"Chinook","CK-16",2006,257,257,"DU14","South Thompson-Bessette Creek_SU_1.2","STh-BESS",257,257,NA,NA,1999,TRUE
"Chinook","CK-16",2007,0,0.01,"DU14","South Thompson-Bessette Creek_SU_1.2","STh-BESS",0,0.01,NA,NA,1999,TRUE
"Chinook","CK-16",2008,77,77,"DU14","South Thompson-Bessette Creek_SU_1.2","STh-BESS",77,77,NA,NA,1999,TRUE
"Chinook","CK-16",2009,28,28,"DU14","South Thompson-Bessette Creek_SU_1.2","STh-BESS",28,28,NA,NA,1999,TRUE
"Chinook","CK-16",2010,202,202,"DU14","South Thompson-Bessette Creek_SU_1.2","STh-BESS",202,202,NA,NA,1999,TRUE
"Chinook","CK-16",2011,8,8,"DU14","South Thompson-Bessette Creek_SU_1.2","STh-BESS",8,8,NA,NA,1999,TRUE
"Chinook","CK-16",2012,14,14,"DU14","South Thompson-Bessette Creek_SU_1.2","STh-BESS",14,14,NA,NA,1999,TRUE
"Chinook","CK-16",2013,195,195,"DU14","South Thompson-Bessette Creek_SU_1.2","STh-BESS",195,195,NA,NA,1999,TRUE
"Chinook","CK-16",2014,96,96,"DU14","South Thompson-Bessette Creek_SU_1.2","STh-BESS",96,96,NA,NA,1999,TRUE
"Chinook","CK-16",2015,144,144,"DU14","South Thompson-Bessette Creek_SU_1.2","STh-BESS",144,144,NA,NA,1999,TRUE
"Chinook","CK-16",2016,6.95888702185893,6.95888702185893,"DU14","South Thompson-Bessette Creek_SU_1.2","STh-BESS",6.95888702185893,6.95888702185893,NA,NA,1999,TRUE
"Chinook","CK-16",2017,17,17,"DU14","South Thompson-Bessette Creek_SU_1.2","STh-BESS",17,17,NA,NA,1999,TRUE
"Chinook","CK-16",2018,4.50822851601495,4.50822851601495,"DU14","South Thompson-Bessette Creek_SU_1.2","STh-BESS",4.50822851601495,4.50822851601495,NA,NA,1999,TRUE
"Chinook","CK-16",2019,0,0.01,"DU14","South Thompson-Bessette Creek_SU_1.2","STh-BESS",0,0.01,NA,NA,1999,TRUE
"Chinook","CK-16",2020,NA,NA,"DU14","South Thompson-Bessette Creek_SU_1.2","STh-BESS",NA,NA,NA,NA,1999,TRUE
"Chinook","CK-16",2021,0,0.01,"DU14","South Thompson-Bessette Creek_SU_1.2","STh-BESS",0,0.01,NA,NA,1999,TRUE
"Chinook","CK-16",2022,869,869,"DU14","South Thompson-Bessette Creek_SU_1.2","STh-BESS",869,869,NA,NA,1999,TRUE
"Chinook","CK-16",2023,1318.27770026004,1318.27770026004,"DU14","South Thompson-Bessette Creek_SU_1.2","STh-BESS",1318.27770026004,1318.27770026004,NA,NA,1999,TRUE
"Chinook","CK-16",2024,2,2,"DU14","South Thompson-Bessette Creek_SU_1.2","STh-BESS",2,2,NA,NA,1999,TRUE
"Chinook","CK-17",1995,12931.0419276582,10174,"DU15","Lower Thompson_SP_1.2","LTh",12931.0419276582,10174,NA,NA,1995,TRUE
"Chinook","CK-17",1996,30525.2693292284,24223,"DU15","Lower Thompson_SP_1.2","LTh",30525.2693292284,24223,NA,NA,1995,TRUE
"Chinook","CK-17",1997,25058.6179037961,20434,"DU15","Lower Thompson_SP_1.2","LTh",25058.6179037961,20434,NA,NA,1995,TRUE
"Chinook","CK-17",1998,7881,4107,"DU15","Lower Thompson_SP_1.2","LTh",7881,4107,NA,NA,1995,TRUE
"Chinook","CK-17",1999,9346,6405,"DU15","Lower Thompson_SP_1.2","LTh",9346,6405,NA,NA,1995,TRUE
"Chinook","CK-17",2000,13948,11361,"DU15","Lower Thompson_SP_1.2","LTh",13948,11361,NA,NA,1995,TRUE
"Chinook","CK-17",2001,16354,13472,"DU15","Lower Thompson_SP_1.2","LTh",16354,13472,NA,NA,1995,TRUE
"Chinook","CK-17",2002,21454,18743,"DU15","Lower Thompson_SP_1.2","LTh",21454,18743,NA,NA,1995,TRUE
"Chinook","CK-17",2003,29980,22432,"DU15","Lower Thompson_SP_1.2","LTh",29980,22432,NA,NA,1995,TRUE
"Chinook","CK-17",2004,20096,16879,"DU15","Lower Thompson_SP_1.2","LTh",20096,16879,NA,NA,1995,TRUE
"Chinook","CK-17",2005,12576,7831,"DU15","Lower Thompson_SP_1.2","LTh",12576,7831,NA,NA,1995,TRUE
"Chinook","CK-17",2006,10875,8296,"DU15","Lower Thompson_SP_1.2","LTh",10875,8296,NA,NA,1995,TRUE
"Chinook","CK-17",2007,6893,2300,"DU15","Lower Thompson_SP_1.2","LTh",6893,2300,NA,NA,1995,TRUE
"Chinook","CK-17",2008,10982,10255,"DU15","Lower Thompson_SP_1.2","LTh",10982,10255,NA,NA,1995,TRUE
"Chinook","CK-17",2009,2192,1914,"DU15","Lower Thompson_SP_1.2","LTh",2192,1914,NA,NA,1995,TRUE
"Chinook","CK-17",2010,7188,6598,"DU15","Lower Thompson_SP_1.2","LTh",7188,6598,NA,NA,1995,TRUE
"Chinook","CK-17",2011,4743,4438,"DU15","Lower Thompson_SP_1.2","LTh",4743,4438,NA,NA,1995,TRUE
"Chinook","CK-17",2012,10511,8932,"DU15","Lower Thompson_SP_1.2","LTh",10511,8932,NA,NA,1995,TRUE
"Chinook","CK-17",2013,5568,4972,"DU15","Lower Thompson_SP_1.2","LTh",5568,4972,NA,NA,1995,TRUE
"Chinook","CK-17",2014,23604,21225,"DU15","Lower Thompson_SP_1.2","LTh",23604,21225,NA,NA,1995,TRUE
"Chinook","CK-17",2015,9639,9223,"DU15","Lower Thompson_SP_1.2","LTh",9639,9223,NA,NA,1995,TRUE
"Chinook","CK-17",2016,8224.02260538713,7387.02260538713,"DU15","Lower Thompson_SP_1.2","LTh",8224.02260538713,7387.02260538713,NA,NA,1995,TRUE
"Chinook","CK-17",2017,4441.62490711583,4201.62490711583,"DU15","Lower Thompson_SP_1.2","LTh",4441.62490711583,4201.62490711583,NA,NA,1995,TRUE
"Chinook","CK-17",2018,1075,823,"DU15","Lower Thompson_SP_1.2","LTh",1075,823,NA,NA,1995,TRUE
"Chinook","CK-17",2019,4055,3459,"DU15","Lower Thompson_SP_1.2","LTh",4055,3459,NA,NA,1995,TRUE
"Chinook","CK-17",2020,7173,6576,"DU15","Lower Thompson_SP_1.2","LTh",7173,6576,NA,NA,1995,TRUE
"Chinook","CK-17",2021,3705,3353,"DU15","Lower Thompson_SP_1.2","LTh",3705,3353,NA,NA,1995,TRUE
"Chinook","CK-17",2022,6162.27086552559,4974,"DU15","Lower Thompson_SP_1.2","LTh",6162.27086552559,4974,NA,NA,1995,TRUE
"Chinook","CK-17",2023,10515.3402011726,8519,"DU15","Lower Thompson_SP_1.2","LTh",10515.3402011726,8519,NA,NA,1995,TRUE
"Chinook","CK-17",2024,4834.83647295183,3892,"DU15","Lower Thompson_SP_1.2","LTh",4834.83647295183,3892,NA,NA,1995,TRUE
"Chinook","CK-18",1999,535,535,"DU16","North Thompson_SP_1.3","NTh-spr",535,535,NA,NA,1999,TRUE
"Chinook","CK-18",2000,1746,1746,"DU16","North Thompson_SP_1.3","NTh-spr",1746,1746,NA,NA,1999,TRUE
"Chinook","CK-18",2001,1210,1210,"DU16","North Thompson_SP_1.3","NTh-spr",1210,1210,NA,NA,1999,TRUE
"Chinook","CK-18",2002,962,962,"DU16","North Thompson_SP_1.3","NTh-spr",962,962,NA,NA,1999,TRUE
"Chinook","CK-18",2003,374,374,"DU16","North Thompson_SP_1.3","NTh-spr",374,374,NA,NA,1999,TRUE
"Chinook","CK-18",2004,690,690,"DU16","North Thompson_SP_1.3","NTh-spr",690,690,NA,NA,1999,TRUE
"Chinook","CK-18",2005,348.34163345312,348.34163345312,"DU16","North Thompson_SP_1.3","NTh-spr",348.34163345312,348.34163345312,NA,NA,1999,TRUE
"Chinook","CK-18",2006,410,410,"DU16","North Thompson_SP_1.3","NTh-spr",410,410,NA,NA,1999,TRUE
"Chinook","CK-18",2007,155,155,"DU16","North Thompson_SP_1.3","NTh-spr",155,155,NA,NA,1999,TRUE
"Chinook","CK-18",2008,238,238,"DU16","North Thompson_SP_1.3","NTh-spr",238,238,NA,NA,1999,TRUE
"Chinook","CK-18",2009,154,154,"DU16","North Thompson_SP_1.3","NTh-spr",154,154,NA,NA,1999,TRUE
"Chinook","CK-18",2010,224,224,"DU16","North Thompson_SP_1.3","NTh-spr",224,224,NA,NA,1999,TRUE
"Chinook","CK-18",2011,319,319,"DU16","North Thompson_SP_1.3","NTh-spr",319,319,NA,NA,1999,TRUE
"Chinook","CK-18",2012,196,196,"DU16","North Thompson_SP_1.3","NTh-spr",196,196,NA,NA,1999,TRUE
"Chinook","CK-18",2013,159,159,"DU16","North Thompson_SP_1.3","NTh-spr",159,159,NA,NA,1999,TRUE
"Chinook","CK-18",2014,142,142,"DU16","North Thompson_SP_1.3","NTh-spr",142,142,NA,NA,1999,TRUE
"Chinook","CK-18",2015,106.898490689317,106.898490689317,"DU16","North Thompson_SP_1.3","NTh-spr",106.898490689317,106.898490689317,NA,NA,1999,TRUE
"Chinook","CK-18",2016,174,174,"DU16","North Thompson_SP_1.3","NTh-spr",174,174,NA,NA,1999,TRUE
"Chinook","CK-18",2017,92,92,"DU16","North Thompson_SP_1.3","NTh-spr",92,92,NA,NA,1999,TRUE
"Chinook","CK-18",2018,61,61,"DU16","North Thompson_SP_1.3","NTh-spr",61,61,NA,NA,1999,TRUE
"Chinook","CK-18",2019,424,424,"DU16","North Thompson_SP_1.3","NTh-spr",424,424,NA,NA,1999,TRUE
"Chinook","CK-18",2020,473,473,"DU16","North Thompson_SP_1.3","NTh-spr",473,473,NA,NA,1999,TRUE
"Chinook","CK-18",2021,281,281,"DU16","North Thompson_SP_1.3","NTh-spr",281,281,NA,NA,1999,TRUE
"Chinook","CK-18",2022,369,369,"DU16","North Thompson_SP_1.3","NTh-spr",369,369,NA,NA,1999,TRUE
"Chinook","CK-18",2023,454,454,"DU16","North Thompson_SP_1.3","NTh-spr",454,454,NA,NA,1999,TRUE
"Chinook","CK-18",2024,385,385,"DU16","North Thompson_SP_1.3","NTh-spr",385,385,NA,NA,1999,TRUE
"Chinook","CK-19",1997,9908.66142852844,9908.66142852844,"DU17","North Thompson_SU_1.3","NTh-sum",9908.66142852844,9908.66142852844,NA,NA,1997,TRUE
"Chinook","CK-19",1998,7386.70435350803,7386.70435350803,"DU17","North Thompson_SU_1.3","NTh-sum",7386.70435350803,7386.70435350803,NA,NA,1997,TRUE
"Chinook","CK-19",1999,5398.64459712363,5398.64459712363,"DU17","North Thompson_SU_1.3","NTh-sum",5398.64459712363,5398.64459712363,NA,NA,1997,TRUE
"Chinook","CK-19",2000,5855,5855,"DU17","North Thompson_SU_1.3","NTh-sum",5855,5855,NA,NA,1997,TRUE
"Chinook","CK-19",2001,4477,4477,"DU17","North Thompson_SU_1.3","NTh-sum",4477,4477,NA,NA,1997,TRUE
"Chinook","CK-19",2002,6830,6830,"DU17","North Thompson_SU_1.3","NTh-sum",6830,6830,NA,NA,1997,TRUE
"Chinook","CK-19",2003,7606,7606,"DU17","North Thompson_SU_1.3","NTh-sum",7606,7606,NA,NA,1997,TRUE
"Chinook","CK-19",2004,6180,6180,"DU17","North Thompson_SU_1.3","NTh-sum",6180,6180,NA,NA,1997,TRUE
"Chinook","CK-19",2005,4183,4183,"DU17","North Thompson_SU_1.3","NTh-sum",4183,4183,NA,NA,1997,TRUE
"Chinook","CK-19",2006,4398,4398,"DU17","North Thompson_SU_1.3","NTh-sum",4398,4398,NA,NA,1997,TRUE
"Chinook","CK-19",2007,2111,2111,"DU17","North Thompson_SU_1.3","NTh-sum",2111,2111,NA,NA,1997,TRUE
"Chinook","CK-19",2008,3911,3911,"DU17","North Thompson_SU_1.3","NTh-sum",3911,3911,NA,NA,1997,TRUE
"Chinook","CK-19",2009,6444,6444,"DU17","North Thompson_SU_1.3","NTh-sum",6444,6444,NA,NA,1997,TRUE
"Chinook","CK-19",2010,1402,1402,"DU17","North Thompson_SU_1.3","NTh-sum",1402,1402,NA,NA,1997,TRUE
"Chinook","CK-19",2011,1412,1412,"DU17","North Thompson_SU_1.3","NTh-sum",1412,1412,NA,NA,1997,TRUE
"Chinook","CK-19",2012,2414,2414,"DU17","North Thompson_SU_1.3","NTh-sum",2414,2414,NA,NA,1997,TRUE
"Chinook","CK-19",2013,2479,2479,"DU17","North Thompson_SU_1.3","NTh-sum",2479,2479,NA,NA,1997,TRUE
"Chinook","CK-19",2014,3220,3220,"DU17","North Thompson_SU_1.3","NTh-sum",3220,3220,NA,NA,1997,TRUE
"Chinook","CK-19",2015,5587,5587,"DU17","North Thompson_SU_1.3","NTh-sum",5587,5587,NA,NA,1997,TRUE
"Chinook","CK-19",2016,804,804,"DU17","North Thompson_SU_1.3","NTh-sum",804,804,NA,NA,1997,TRUE
"Chinook","CK-19",2017,1453,1453,"DU17","North Thompson_SU_1.3","NTh-sum",1453,1453,NA,NA,1997,TRUE
"Chinook","CK-19",2018,674,674,"DU17","North Thompson_SU_1.3","NTh-sum",674,674,NA,NA,1997,TRUE
"Chinook","CK-19",2019,1015,1015,"DU17","North Thompson_SU_1.3","NTh-sum",1015,1015,NA,NA,1997,TRUE
"Chinook","CK-19",2020,4002,4002,"DU17","North Thompson_SU_1.3","NTh-sum",4002,4002,NA,NA,1997,TRUE
"Chinook","CK-19",2021,3961,3961,"DU17","North Thompson_SU_1.3","NTh-sum",3961,3961,NA,NA,1997,TRUE
"Chinook","CK-19",2022,6076,6076,"DU17","North Thompson_SU_1.3","NTh-sum",6076,6076,NA,NA,1997,TRUE
"Chinook","CK-19",2023,4593,4593,"DU17","North Thompson_SU_1.3","NTh-sum",4593,4593,NA,NA,1997,TRUE
"Chinook","CK-19",2024,2913.38713533205,2913.38713533205,"DU17","North Thompson_SU_1.3","NTh-sum",2913.38713533205,2913.38713533205,NA,NA,1997,TRUE
"Chinook","CK-82",1999,NA,NA,"DU_NA","Upper Adams River_SU_x.x","UADAMS",NA,NA,NA,NA,1999,TRUE
"Chinook","CK-82",2000,NA,NA,"DU_NA","Upper Adams River_SU_x.x","UADAMS",NA,NA,NA,NA,1999,TRUE
"Chinook","CK-82",2001,NA,NA,"DU_NA","Upper Adams River_SU_x.x","UADAMS",NA,NA,NA,NA,1999,TRUE
"Chinook","CK-82",2002,NA,NA,"DU_NA","Upper Adams River_SU_x.x","UADAMS",NA,NA,NA,NA,1999,TRUE
"Chinook","CK-82",2003,NA,NA,"DU_NA","Upper Adams River_SU_x.x","UADAMS",NA,NA,NA,NA,1999,TRUE
"Chinook","CK-82",2004,NA,NA,"DU_NA","Upper Adams River_SU_x.x","UADAMS",NA,NA,NA,NA,1999,TRUE
"Chinook","CK-82",2005,NA,NA,"DU_NA","Upper Adams River_SU_x.x","UADAMS",NA,NA,NA,NA,1999,TRUE
"Chinook","CK-82",2006,NA,NA,"DU_NA","Upper Adams River_SU_x.x","UADAMS",NA,NA,NA,NA,1999,TRUE
"Chinook","CK-82",2007,NA,NA,"DU_NA","Upper Adams River_SU_x.x","UADAMS",NA,NA,NA,NA,1999,TRUE
"Chinook","CK-82",2008,NA,NA,"DU_NA","Upper Adams River_SU_x.x","UADAMS",NA,NA,NA,NA,1999,TRUE
"Chinook","CK-82",2009,NA,NA,"DU_NA","Upper Adams River_SU_x.x","UADAMS",NA,NA,NA,NA,1999,TRUE
"Chinook","CK-82",2010,NA,NA,"DU_NA","Upper Adams River_SU_x.x","UADAMS",NA,NA,NA,NA,1999,TRUE
"Chinook","CK-82",2011,NA,NA,"DU_NA","Upper Adams River_SU_x.x","UADAMS",NA,NA,NA,NA,1999,TRUE
"Chinook","CK-82",2012,NA,NA,"DU_NA","Upper Adams River_SU_x.x","UADAMS",NA,NA,NA,NA,1999,TRUE
"Chinook","CK-82",2013,NA,NA,"DU_NA","Upper Adams River_SU_x.x","UADAMS",NA,NA,NA,NA,1999,TRUE
"Chinook","CK-82",2014,NA,NA,"DU_NA","Upper Adams River_SU_x.x","UADAMS",NA,NA,NA,NA,1999,TRUE
"Chinook","CK-82",2015,NA,NA,"DU_NA","Upper Adams River_SU_x.x","UADAMS",NA,NA,NA,NA,1999,TRUE
"Chinook","CK-82",2016,NA,NA,"DU_NA","Upper Adams River_SU_x.x","UADAMS",NA,NA,NA,NA,1999,TRUE
"Chinook","CK-82",2017,NA,NA,"DU_NA","Upper Adams River_SU_x.x","UADAMS",NA,NA,NA,NA,1999,TRUE
"Chinook","CK-82",2018,NA,NA,"DU_NA","Upper Adams River_SU_x.x","UADAMS",NA,NA,NA,NA,1999,TRUE
"Chinook","CK-82",2019,NA,NA,"DU_NA","Upper Adams River_SU_x.x","UADAMS",NA,NA,NA,NA,1999,TRUE
"Chinook","CK-82",2020,NA,NA,"DU_NA","Upper Adams River_SU_x.x","UADAMS",NA,NA,NA,NA,1999,TRUE
"Chinook","CK-82",2021,NA,NA,"DU_NA","Upper Adams River_SU_x.x","UADAMS",NA,NA,NA,NA,1999,TRUE
"Chinook","CK-82",2022,NA,NA,"DU_NA","Upper Adams River_SU_x.x","UADAMS",NA,NA,NA,NA,1999,TRUE
"Chinook","CK-82",2023,NA,NA,"DU_NA","Upper Adams River_SU_x.x","UADAMS",NA,NA,NA,NA,1999,TRUE
"Chinook","CK-82",2024,NA,NA,"DU_NA","Upper Adams River_SU_x.x","UADAMS",NA,NA,NA,NA,1999,TRUE
