smu,strata,avg_2014_2018,2019,2020,2021,2022,2023,2024,avg_2019_2024
spring_1.2,fraser_fsc,0.173661297,0.013696391,0.030779282,0.016450656,0.015886508,0.017702925,0.041867011,0.021800404
spring_1.2,fraser_rec,0.004269098,0,0,0,9.23634E-05,0,0,1.86169E-05
spring_1.2,fraser_test,0.008286249,0.010894856,0.007127834,0.010722303,0.004341081,0.006043167,0.004265695,0.006851024
spring_1.2,fraser_comm,0.000335929,0,0,0,0,0,0,0
spring_1.2,nbc_comm,0.009378018,5.49281E-05,0,0,0,0,0.000315977,4.3804E-05
spring_1.2,nbc_fn,0.000923133,0.000155641,0.000107997,0,9.23634E-05,7.10961E-05,0,7.44676E-05
spring_1.2,nbc_rec,0.005030667,0.002334612,0.000107997,0,9.23634E-05,0.000213288,0.000473966,0.000428189
spring_1.2,sbc_comm,0.01518679,0.013982448,0,0,0,0.000142192,0,0.001709739
spring_1.2,sbc_test,0,0,0,0,0.000184727,0,0,3.72338E-05
spring_1.2,sbc_fn,0.001189749,0,0,0,0.000831271,0.00035548,0.003317763,0.000651592
spring_1.2,sbc_rec,0.031544762,0.001067634,0.002749508,0.001503913,0.010603062,0.003418157,0.004039108,0.004300481
spring_1.3,fraser_fsc,0.107456405,0.036625874,0.013369378,0.018747128,0.0116597,0.015697031,0.013210631,0.017484248
spring_1.3,fraser_rec,0.007577512,0,0.000149379,0.007325037,0.00292395,4.99905E-05,0.000357044,0.002012521
spring_1.3,fraser_test,0.009370118,0.009884044,0.008290508,0.010346097,0.005739605,0.008548383,0.005653198,0.008057567
spring_1.3,fraser_comm,4.28512E-05,0,0,0,0,0,0,0
spring_1.3,nbc_comm,0.034316631,0.00527149,0,0.006000736,0.003465422,0.000199962,0.002201772,0.002828004
spring_1.3,nbc_fn,0.003378959,0.000713848,0.000410791,0.000206922,0.000144393,0.000199962,5.95073E-05,0.000284297
spring_1.3,nbc_rec,0.010959404,0.003651605,0.00043951,0.004138439,0.001335631,0.002249574,0.003213397,0.002351201
spring_1.3,sbc_comm,0.008534521,0.005381313,0,0,7.21963E-05,0,0.000357044,0.000793038
spring_1.3,sbc_test,7.14186E-05,0,0,4.13844E-05,0,0,0,7.48149E-06
spring_1.3,sbc_fn,0.001964011,0.000219645,0.002987571,0.000165538,0.000180491,0.000599887,0.002856353,0.001144668
spring_1.3,sbc_rec,0.052879232,0.016265221,0.014754972,0.008261764,0.001347536,0.00317049,0.016114482,0.009445356
summer_1.3,fraser_fsc,0.072651302,0.064005459,0.070194504,0.050228741,0.047741184,0.021495965,0.033387172,0.046216882
summer_1.3,fraser_rec,0.024955597,0.01706059,0.023464115,0.015489039,0.013244919,0.015572361,0.014858634,0.016199
summer_1.3,fraser_test,0.010109037,0.008869247,0.01206839,0.01408765,0.009127327,0.01035104,0.007474072,0.010355282
summer_1.3,fraser_comm,0.004368274,0,0,0,0,0,0,0
summer_1.3,nbc_comm,0.034625716,0.002259681,0.000633096,0.00221272,0.00091502,0.003297676,0.00590765,0.002344592
summer_1.3,nbc_fn,0.003411775,0.000508428,0.000276979,0.004277925,0.000709141,0.000916021,0.000358039,0.001190058
summer_1.3,nbc_rec,0.010690993,0.023698402,0.000318625,0.015304646,0.015235088,0.01035104,0.017991478,0.013318896
summer_1.3,sbc_comm,0.007315292,0.004858314,0,0.001880812,0.001715663,0,0,0.001255186
summer_1.3,sbc_test,6.96694E-05,0.000112984,3.95685E-05,0.000110636,9.1502E-05,0.000274806,0,0.000112493
summer_1.3,sbc_fn,0.003239629,0.003728473,0.001464034,0.004720469,0.002104547,0.005221321,0.006086669,0.003730033
summer_1.3,sbc_rec,0.075799211,0.035966531,0.02062235,0.021670707,0.013358612,0.027828429,0.061236029,0.027288928
summer_0.3,fraser_fsc,0.050856315,0.103996323,0.135623398,0.095310563,0.109131138,0.039042138,0.12125154,0.084571984
summer_0.3,fraser_rec,0.034078531,0.014509026,0.016346051,0.026694811,0.037599083,0.010216902,0.015051409,0.016915649
summer_0.3,fraser_test,0.007446272,0.010771438,0.009687386,0.010075039,0.012062133,0.005842326,0.008145814,0.008412958
summer_0.3,fraser_comm,0.018623212,3.90553E-06,0,0,4.57549E-05,0.000105132,0,4.48663E-05
summer_0.3,nbc_comm,0.128814048,0.014110662,0.006721952,0.020950846,0.020664053,0.00636662,0.025754715,0.013479201
summer_0.3,nbc_fn,0.012686271,0.004655386,0.004466233,0.006590931,0.00412366,0.000974859,0.000744865,0.002885009
summer_0.3,nbc_rec,0.041562464,0.042433531,0.007195206,0.016500427,0.019634568,0.005832768,0.019172017,0.015480287
summer_0.3,sbc_comm,0.014015562,0.004167195,0.009610537,0.016742967,0.018833858,0.005522834,0.014761536,0.009861723
summer_0.3,sbc_test,8.60841E-05,0.000413986,0.000320954,0.000596726,0.000674885,0.000375471,0,0.000378234
summer_0.3,sbc_fn,0.006042026,0.007315049,0.005148825,0.004577463,0.012553999,0.008009134,0.016302636,0.008715023
summer_0.3,sbc_rec,0.113199823,0.120284368,0.061631053,0.049255955,0.057936217,0.041600502,0.094187293,0.064427142
fall_0.3,fraser_fsc,0.00908693,0.00322182,0.002511987,0.001013093,0.007009441,0.000839166,0.00448822,0.003351672
fall_0.3,fraser_rec,0.042367812,0.051918283,0.052435333,0.063536497,0.11668342,0.077673479,0.111948586,0.086063061
fall_0.3,fraser_test,0.002676694,0.003376199,0.002310645,0.001246883,0.002725205,0.000669374,0.005831183,0.002752467
fall_0.3,fraser_comm,0.001590213,6.71212E-06,0,0,7.03012E-05,0.000186119,0,6.32073E-05
fall_0.3,nbc_comm,0.002847897,0.000543682,0.000153404,0.000950749,0.000334964,0.000476725,0.001008195,0.000594149
fall_0.3,nbc_fn,0.000279743,0.000476561,0.000565676,0.000966335,0.000202633,0.000156731,5.4497E-05,0.000307609
fall_0.3,nbc_rec,0.000601942,0.001892819,0.000605764,0.000498753,0.000239851,0.00026775,0.000455439,0.000561434
fall_0.3,sbc_comm,0.014811292,0.004987109,0.000997125,0.004699191,0.004871458,0.001835064,0.002608072,0.003253069
fall_0.3,sbc_test,1.64618E-05,6.71212E-05,1.91755E-05,0.000132481,0.000252257,0.000156731,0,0.000116301
fall_0.3,sbc_fn,0.00818976,0.000919561,0.007929058,0.005213531,0.004838375,0.001606497,0.005352387,0.003935708
fall_0.3,sbc_rec,0.168891776,0.127135125,0.136862153,0.175364965,0.19089136,0.102719161,0.165408248,0.148183425
