FisheryFineID,RegTypeID,Finescale_name,finescale_description,FisheryCoarseID,Coarse_description,ERA_fishery_id,ERA_fishery_name,country,fishery_type
1101,,AK SW WIN1 TR,ALASKA SW QUADRANT EARLY WINTER TROLL,1,Alaska Early Winter South Outside Troll,1,AK W/S T,US,pre-terminal
1102,,AK NW WIN1 TR,ALASKA NW QUADRANT EARLY WINTER TROLL,2,Alaska Early Winter North Outside Troll,1,AK W/S T,US,pre-terminal
1103,,AK SE WIN1 TR,ALASKA SE QUADRANT EARLY WINTER TROLL,3,Alaska Early Winter South Inside Troll,1,AK W/S T,US,pre-terminal
1104,,AK NE WIN1 TR,ALASKA NE QUADRANT EARLY WINTER TROLL,4,Alaska Early Winter North Inside Troll,1,AK W/S T,US,pre-terminal
1105,,AK SW WIN2 TR,ALASKA SW QUADRANT LATE WINTER TROLL,5,Alaska Late Winter South Outside Troll,1,AK W/S T,US,pre-terminal
1106,,AK NW WIN2 TR,ALASKA NW QUADRANT LATE WINTER TROLL,6,Alaska Late Winter North Outside Troll,1,AK W/S T,US,pre-terminal
1107,,AK SE WIN2 TR,ALASKA SE QUADRANT LATE WINTER TROLL,7,Alaska Late Winter South Inside Troll,1,AK W/S T,US,pre-terminal
1108,,AK NE WIN2 TR,ALASKA NE QUADRANT LATE WINTER TROLL,8,Alaska Late Winter North Inside Troll,1,AK W/S T,US,pre-terminal
1109,,AK SW SPR TR,ALASKA SW QUADRANT SPRING TROLL,9,Alaska Spring South Outside Troll,1,AK W/S T,US,pre-terminal
1110,,AK NW SPR TR,ALASKA NW QUADRANT SPRING TROLL,10,Alaska Spring North Outside Troll,1,AK W/S T,US,pre-terminal
1111,,AK SE SPR TR,ALASKA SE QUADRANT SPRING TROLL,11,Alaska Spring South Inside Troll,1,AK W/S T,US,pre-terminal
1112,,AK NE SPR TR,ALASKA NE QUADRANT SPRING TROLL,12,Alaska Spring North Inside Troll,1,AK W/S T,US,pre-terminal
1113,,AK SW JUNE TR,ALASKA SW QUADRANT JUNE TROLL,13,Alaska June South Outside Troll,2,AK JNO T,US,pre-terminal
1114,,AK NW JUNE TR,ALASKA NW QUADRANT JUNE TROLL,14,Alaska June North Outside Troll,2,AK JNO T,US,pre-terminal
1115,,AK SE JUNE TR,ALASKA SE QUADRANT JUNE TROLL,15,Alaska June South Inside Troll,3,AK JNI T,US,pre-terminal
1116,,AK NE JUNE TR,ALASKA NE QUADRANT JUNE TROLL,16,Alaska June North Inside Troll,3,AK JNI T,US,pre-terminal
1117,,AK SW JULY TR,ALASKA SW QUADRANT JULY TROLL,17,Alaska July South Outside Troll,4,AK JLO T,US,pre-terminal
1118,,AK NW JULY TR,ALASKA NW QUADRANT JULY TROLL,18,Alaska July North Outside Troll,4,AK JLO T,US,pre-terminal
1119,,AK SE JULY TR,ALASKA SE QUADRANT JULY TROLL,19,Alaska July South Inside Troll,5,AK JLI T,US,pre-terminal
1120,,AK NE JULY TR,ALASKA NE QUADRANT JULY TROLL,20,Alaska July North Inside Troll,5,AK JLI T,US,pre-terminal
1121,,AK SW FALL TR,ALASKA SW QUADRANT FALL TROLL,21,Alaska Fall South Outside Troll,6,AK FALL T,US,pre-terminal
1122,,AK NW FALL TR,ALASKA NW QUADRANT FALL TROLL,22,Alaska Fall North Outside Troll,6,AK FALL T,US,pre-terminal
1123,,AK SE FALL TR,ALASKA SE QUADRANT FALL TROLL,23,Alaska Fall South Inside Troll,6,AK FALL T,US,pre-terminal
1124,,AK NE FALL TR,ALASKA NE QUADRANT FALL TROLL,24,Alaska Fall North Inside Troll,6,AK FALL T,US,pre-terminal
1125,,AK 101 NTTR,AK DISTRICT 101 NEAR TERMINAL TROLL,25,Alaska Near Terminal Troll,7,TAK TERM T,US,terminal
1126,,AK 102 NTTR,AK DISTRICT 102 NEAR TERMINAL TROLL,25,Alaska Near Terminal Troll,7,TAK TERM T,US,terminal
1127,,AK 103 NTTR,AK DISTRICT 103 NEAR TERMINAL TROLL,25,Alaska Near Terminal Troll,7,TAK TERM T,US,terminal
1128,,AK 104 NTTR,AK DISTRICT 104 NEAR TERMINAL TROLL,25,Alaska Near Terminal Troll,7,TAK TERM T,US,terminal
1129,,AK 105 NTTR,AK DISTRICT 105 NEAR TERMINAL TROLL,25,Alaska Near Terminal Troll,7,TAK TERM T,US,terminal
1130,,AK 106 NTTR,AK DISTRICT 106 NEAR TERMINAL TROLL,25,Alaska Near Terminal Troll,7,TAK TERM T,US,terminal
1131,,AK 107 NTTR,AK DISTRICT 107 NEAR TERMINAL TROLL,25,Alaska Near Terminal Troll,7,TAK TERM T,US,terminal
1132,,AK 108 NTTR,AK DISTRICT 108 NEAR TERMINAL TROLL,25,Alaska Near Terminal Troll,7,TAK TERM T,US,terminal
1133,,AK 109 NTTR,AK DISTRICT 109 NEAR TERMINAL TROLL,25,Alaska Near Terminal Troll,7,TAK TERM T,US,terminal
1134,,AK 110 NTTR,AK DISTRICT 110 NEAR TERMINAL TROLL,25,Alaska Near Terminal Troll,7,TAK TERM T,US,terminal
1135,,AK 111 NTTR,AK DISTRICT 111 NEAR TERMINAL TROLL,25,Alaska Near Terminal Troll,7,TAK TERM T,US,terminal
1136,,AK 112 NTTR,AK DISTRICT 112 NEAR TERMINAL TROLL,25,Alaska Near Terminal Troll,7,TAK TERM T,US,terminal
1137,,AK 113 NTTR,AK DISTRICT 113 NEAR TERMINAL TROLL,25,Alaska Near Terminal Troll,7,TAK TERM T,US,terminal
1138,,AK 114 NTTR,AK DISTRICT 114 NEAR TERMINAL TROLL,25,Alaska Near Terminal Troll,7,TAK TERM T,US,terminal
1139,,AK 115 NTTR,AK DISTRICT 115 NEAR TERMINAL TROLL,25,Alaska Near Terminal Troll,7,TAK TERM T,US,terminal
1140,,AK CI TTR,CARROLL INLET TERMINAL TROLL,26,Alaska Terminal Troll,7,TAK TERM T,US,terminal
1141,,AK NB TTR,NEETS BAY TERMINAL TROLL,26,Alaska Terminal Troll,7,TAK TERM T,US,terminal
1142,,AK WN TTR,WRANGELL NARROWS TERM. TROLL,26,Alaska Terminal Troll,7,TAK TERM T,US,terminal
1143,,AK EP TTR,EASTERN PASSAGE TERMINAL TROLL,26,Alaska Terminal Troll,7,TAK TERM T,US,terminal
1144,,AK BS TTR,BLIND SLOUGH TERMINAL TROLL,26,Alaska Terminal Troll,7,TAK TERM T,US,terminal
1145,,AK HF TTR,HIDDEN FALLS TERMINAL TROLL,26,Alaska Terminal Troll,7,TAK TERM T,US,terminal
1146,,AK SW MSF T,ALASKA SW QUADRANT SUMMER MSF TROLL,189,Alaska Summer CNR MSF North Inside Troll,6,AK FALL T,US,pre-terminal
1147,,AK NW MSF T,ALASKA NW QUADRANT SUMMER MSF TROLL,190,Alaska Summer CNR MSF North Outside Troll,6,AK FALL T,US,pre-terminal
1148,,AK SE MSF T,ALASKA SE QUADRANT SUMMER MSF TROLL,191,Alaska Summer CNR MSF South Inside Troll,6,AK FALL T,US,pre-terminal
1149,,AK NE MSF T,ALASKA NE QUADRANT SUMMER MSF TROLL,192,Alaska Summer CNR MSF North Outside Troll,6,AK FALL T,US,pre-terminal
1201,,NBC FALL T,NORTH FALL TROLL,27,North Fall Troll,8,NORTH T,Canada,pre-terminal
1202,,NBC WIN T,NORTH WINTER TROLL,28,North Winter Troll,8,NORTH T,Canada,pre-terminal
1203,,NBC SPR T,NORTH SPRING TROLL,29,North Spring Troll,8,NORTH T,Canada,pre-terminal
1204,,NBC SUM T,NORTH SUMMER TROLL,30,North Summer Troll,8,NORTH T,Canada,pre-terminal
1205,,CENTR T,COMBINED CR 56+57(2 CENTRAL TROLL),31,Central Troll,9,CENTRL T,Canada,pre-terminal
1206,,NWVI FALL T,NORTHWEST VANCOUVER ISLAND FALL TROLL,32,Northwest Vancouver Island Fall Troll,10,WCVI F/W T,Canada,pre-terminal
1207,,NWVI WIN T,NORTHWEST VANCOUVER ISLAND WINTER TROLL,33,Northwest Vancouver Island Winter Troll,10,WCVI F/W T,Canada,pre-terminal
1208,,NWVI SPR T,NORTHWEST VANCOUVER ISLAND SPRING TROLL,34,Northwest Vancouver Island Spring Troll,11,WCVI SPR T,Canada,pre-terminal
1209,,NWVI SUM T,NORTHWEST VANCOUVER ISLAND SUMMER TROLL,35,Northwest Vancouver Island Summer Troll,12,WCVI SUM T,Canada,pre-terminal
1210,,SWVI FALL T,SOUTHWEST VANCOUVER ISLAND FALL TROLL,36,Southwest Vancouver Island Fall Troll,10,WCVI F/W T,Canada,pre-terminal
1211,,SWVI WIN T,SOUTHWEST VANCOUVER ISLAND WINTER TROLL,37,Southwest Vancouver Island Winter Troll,10,WCVI F/W T,Canada,pre-terminal
1212,,SWVI SPR T,SOUTHWEST VANCOUVER ISLAND SPRING TROLL,38,Southwest Vancouver Island Spring Troll,11,WCVI SPR T,Canada,pre-terminal
1213,,SWVI SUM T,SOUTHWEST VANCOUVER ISLAND SUMMER TROLL,39,Southwest Vancouver Island Summer Troll,12,WCVI SUM T,Canada,pre-terminal
1214,,GEO ST T,GEORGIA STRAIT TROLL,40,Georgia Straight Troll,16,GEO ST T,Canada,pre-terminal
1301,,WA JDF T,WA JUAN DE FUCA TROLL,41,Washington Juan De Fuca Troll,13,N FALCON T,US,pre-terminal
1302,,WA 4 T,WA OCEAN AREA 4 (NEAH BAY) NON-TRIBAL TROLL,42,Washington Area 4 (Neah Bay) Non-tribal Troll,13,N FALCON T,US,pre-terminal
1303,,WA 4 T T,WA OCEAN AREA 4 (NEAH BAY) TRIBAL TROLL,43,Washington Area 4 (Neah Bay) Tribal Troll,13,N FALCON T,US,pre-terminal
1304,,WA 3 T,WA OCEAN AREA 3 (LA PUSH) NON-TRIBAL TROLL,44,Washington Area 3 (La Push) Non-tribal Troll,13,N FALCON T,US,pre-terminal
1305,,WA 3 T T,WA OCEAN AREA 3 (LA PUSH) TRIBAL TROLL,45,Washington Area 3 (La Push) Tribal Troll,13,N FALCON T,US,pre-terminal
1306,,WA 2 T,WA OCEAN AREA 2 (WESTPORT) NON-TRIBAL TROLL,46,Washington Area 2 (Westport) Non-tribal Troll,13,N FALCON T,US,pre-terminal
1307,,WA 2 T T,WA OCEAN AREA 2 (WESTPORT) TRIBAL TROLL,47,Washington Area 2 (Westport) Tribal Troll,13,N FALCON T,US,pre-terminal
1308,,WA 1 T,WA OCEAN AREA 1 (COL R) TROLL,48,Washington Area 1 Troll,13,N FALCON T,US,pre-terminal
1309,,OR 3 T,OR OCEAN AREA 3 TROLL,49,Oregon Area 3 Troll,14,S FALCON T,US,pre-terminal
1310,,OR 4 T,OR OCEAN AREA 4 TROLL,50,Oregon Area 4 Troll,14,S FALCON T,US,pre-terminal
1311,,OR 5 T,OR OCEAN AREA 5 TROLL,51,Oregon Area 5 Troll,14,S FALCON T,US,pre-terminal
1312,,OR 6 T,OR OCEAN AREA 6 TROLL,52,Oregon Area 6 Troll,14,S FALCON T,US,pre-terminal
1313,,TOR CST T,OREGON COAST (PORT ORFORD) TERMINAL TROLL,53,Oregon Coast Terminal Troll,15,TOR TERM T,US,terminal
1314,,CAL T,CALIFORNIA (ALL AREAS) OCEAN TROLL,54,California Troll,14,S FALCON T,US,pre-terminal
2101,,AK 101 GN,AK DISTRICT 101 GILLNET,55,Alaska District 101 And 102 Gillnet,17,ALASKA N,US,pre-terminal
2102,,AK 102 GN,AK DISTRICT 102 GILLNET,55,Alaska District 101 And 102 Gillnet,17,ALASKA N,US,pre-terminal
2103,,AK 103 GN,AK DISTRICT 103 GILLNET,56,Alaska District 106 And 108 Gillnet,17,ALASKA N,US,pre-terminal
2104,,AK 104 GN,AK DISTRICT 104 GILLNET,56,Alaska District 106 And 108 Gillnet,17,ALASKA N,US,pre-terminal
2105,,AK 105 GN,AK DISTRICT 105 GILLNET,57,Alaska District 111 Gillnet,17,ALASKA N,US,pre-terminal
2106,,AK 106 GN,AK DISTRICT 106 GILLNET,58,Alaska District 115 Gillnet,17,ALASKA N,US,pre-terminal
2107,,AK 107 GN,AK DISTRICT 107 GILLNET,59,Alaska Southeast Other Gillnet,17,ALASKA N,US,pre-terminal
2108,,AK 108 GN,AK DISTRICT 108 GILLNET,59,Alaska Southeast Other Gillnet,17,ALASKA N,US,pre-terminal
2109,,AK 109 GN,AK DISTRICT 109 GILLNET,59,Alaska Southeast Other Gillnet,17,ALASKA N,US,pre-terminal
2110,,AK 110 GN,AK DISTRICT 110 GILLNET,59,Alaska Southeast Other Gillnet,17,ALASKA N,US,pre-terminal
2111,,AK 111 GN,AK DISTRICT 111 GILLNET,59,Alaska Southeast Other Gillnet,17,ALASKA N,US,pre-terminal
2112,,AK 112 GN,AK DISTRICT 112 GILLNET,59,Alaska Southeast Other Gillnet,17,ALASKA N,US,pre-terminal
2113,,AK 113 GN,AK DISTRICT 113 GILLNET,59,Alaska Southeast Other Gillnet,17,ALASKA N,US,pre-terminal
2114,,AK 114 GN,AK DISTRICT 114 GILLNET,59,Alaska Southeast Other Gillnet,17,ALASKA N,US,pre-terminal
2115,,AK 115 GN,AK DISTRICT 115 GILLNET,59,Alaska Southeast Other Gillnet,17,ALASKA N,US,pre-terminal
2116,,TTAKU GN,TAKU RIVER TERMINAL GILLNET,60,Taku River Terminal Gillnet,33,TBR TERM N,US,terminal
2117,,TSTIKINE GN,STIKINE RIVER TERMINAL GILLNET,61,Stikine River Terminal Gillnet,33,TBR TERM N,US,terminal
2118,,AK CI TGN,CARROLL INLET TERMINAL GILLNET,62,SE Alaska Terminal Gillnet,32,TAK TERM N,US,terminal
2119,,AK NB TGN,NEETS BAY TERMINAL GILLNET,62,SE Alaska Terminal Gillnet,32,TAK TERM N,US,terminal
2120,,AK WN TGN,WRANGELL NARROWS TERM. GILLNET,62,SE Alaska Terminal Gillnet,32,TAK TERM N,US,terminal
2121,,AK EP TGN,EASTERN PASSAGE TERMINAL GILLNET,62,SE Alaska Terminal Gillnet,32,TAK TERM N,US,terminal
2122,,AK BS TGN,BLIND SLOUGH TERMINAL GILLNET,62,SE Alaska Terminal Gillnet,32,TAK TERM N,US,terminal
2123,,AK NW ST,AK NW SETNET,63,Alaska Southeast Set Gillnet,17,ALASKA N,US,pre-terminal
2124,,AK SASI SN,ALASKA SEINE AREA SOUTH INSIDE (DISTRICT 101 & 102),64,Alaska District 101 & 102 Seine,17,ALASKA N,US,pre-terminal
2125,,AK SASO SN,ALASKA SEINE AREA SOUTH OUTSIDE (DISTRICT 103 & 104),65,Alaska District 103 & 104 Seine,17,ALASKA N,US,pre-terminal
2126,,AK SACI SN,"ALASKA SEINE AREA CENTRAL INSIDE (DISTRICT 105, 106 & 107)",66,Alaska District 105 106 & 107 Seine,17,ALASKA N,US,pre-terminal
2127,,AK SACO SN,ALASKA SEINE AREA CENTRAL OUTSIDE (DISTRICT 109 & 110),67,Alaska District 109 & 110 Seine,17,ALASKA N,US,pre-terminal
2128,,AK SA11,AK SEINE AREA 11 (DISTRICT 111),68,Alaska District 111 Seine,17,ALASKA N,US,pre-terminal
2129,,AK SA12,AK SEINE AREA 12 (DISTRICT 112),69,Alaska District 112 Seine,17,ALASKA N,US,pre-terminal
2130,,AK SA13,AK SEINE AREA 13 (DISTRICT 113),70,Alaska District 113 Seine,17,ALASKA N,US,pre-terminal
2131,,AK SA14,AK SEINE AREA 14 (DISTRICT 114),71,Alaska District 114 Seine,17,ALASKA N,US,pre-terminal
2132,,AK CI TSN,CARROLL INLET TERMINAL SEINE,72,SE Alaska Terminal Seine,32,TAK TERM N,US,terminal
2133,,AK NB TSN,NEETS BAY TERMINAL SEINE,72,SE Alaska Terminal Seine,32,TAK TERM N,US,terminal
2134,,AK WN TSN,WRANGELL NARROWS TERM. SEINE,72,SE Alaska Terminal Seine,32,TAK TERM N,US,terminal
2135,,AK EP TSN,EASTERN PASSAGE TERMINAL SEINE,72,SE Alaska Terminal Seine,32,TAK TERM N,US,terminal
2136,,AK BS TSN,BLIND SLOUGH TERMINAL SEINE,72,SE Alaska Terminal Seine,32,TAK TERM N,US,terminal
2137,,AK HF TSN,HIDDEN FALLS TERMINAL SEINE,72,SE Alaska Terminal Seine,32,TAK TERM N,US,terminal
2138,,AK 101 TP,AK DISTRICT 101 TRAP,73,Alaska Trap,17,ALASKA N,US,pre-terminal
2139,,AB TGN,ANITA BAY TERMINAL GILLNET,62,SE Alaska Terminal Gillnet,32,TAK TERM N,US,terminal
2140,,AB TSN,ANITA BAY TERMINAL SEINE,72,SE Alaska Terminal Seine,32,TAK TERM N,US,terminal
2201,,NORTH N,NORTHERN NET,74,North Net,18,NORTH N,Canada,pre-terminal
2202,,TNORTH N,NORTH TERMINAL NET,75,North Terminal Net,19,TNBC TERM N,Canada,terminal
2203,,TNORTH FN,NORTH FRESHWATER NET,76,North Freshwater Net,34,TNORTH FN,Canada,terminal
2204,,CENTR N,CENTRAL NET,77,Central Net,20,CENTRL N,Canada,pre-terminal
2205,,TCENTRAL N,CENTRAL TERMINAL NET,78,Central Terminal Net,21,TCBC TERM N,Canada,terminal
2206,,TCENTRAL FN,CENTRAL FRESHWATER NET,79,Central Freshwater Net,35,TCENTRAL FN,Canada,terminal
2207,,JOHN ST N,JOHNSTONE STRAIT NET,80,Johnstone Strait Net,40,JNST N,Canada,pre-terminal
2208,,GEO ST N,GEORGA STRAIT NET,81,Georgia Strait Net,24,GEO ST N,Canada,pre-terminal
2209,,TGEO ST FN,GEORGIA STRAIT FRESHWATER NET,82,Georgia Strait Freshwater Net,36,TGEO ST FN,Canada,terminal
2210,,NWVI N,NORTHWEST WCVI NET,83,Northwest WCVI Net,23,WCVI N,Canada,pre-terminal
2211,,TNWVI N,NORTHWEST WCVI TERMINAL NET,84,Northwest WCVI Terminal Net,22,TWCVI TERM N,Canada,terminal
2212,,SWVI N,SOUTHWEST WCVI NET,85,Southwest WCVI Net,23,WCVI N,Canada,pre-terminal
2213,,TSWVI N,SOUTHWEST WCVI TERMINAL NET,86,Southwest WCVI Terminal Net,22,TWCVI TERM N,Canada,terminal
2214,,FRASER N,FRASERNET CR 58+CR8,87,Fraser Net,42,FRASER N,Canada,pre-terminal
2215,,TFRASER N,FRASER TERMINAL NET CR 58+CR8,88,Fraser Terminal Net,43,TFRASER TERM N,Canada,terminal
2216,,TLFRASER FN,LOWER FRASER FRESHWATER NET,89,Lower Fraser Freshwater Net,37,TFRAS FN,Canada,terminal
2217,,TUFRASER FN,UPPER FRASER FRESHWATER NET,90,Upper Fraser Freshwater Net,37,TFRAS FN,Canada,terminal
2218,,JU DE F N,CANADIAN JUAN DE FUCA NET,91,Canadian Juan De Fuca Net,41,BC JF N,Canada,pre-terminal
2219,,TBC JDF N,CANADIAN JUAN DE FUCA TERMINAL NET,,,,,Canada,pre-terminal
2220,,TBC STI FN,BC TERMINAL STIKINE FRESHWATER NET,185,BC Taku Freshwater Net,77,TCAN TBR N,Canada,terminal
2221,,TBC TAK FN,BC TERMINAL TAKU FRESHWATER NET,187,"BC Stikine Freshwater Net
BC Stikine Freshwater Net",77,TCAN TBR N,Canada,terminal
2301,,WA JDF N,WA JUAN DE FUCA NET,93,Washington Juan De Fuca Net,27,US JF N,US,pre-terminal
2302,,TWA JDF N,WA JUAN DE FUCA TERMINAL NET,94,Washington Juan De Fuca Freshwater Net,38,TPS FN,US,terminal
2303,,WA SJ N,WA SAN JUAN NET,95,San Juans Net,25,PGSDN N,US,pre-terminal
2304,,TWA SJ N,WA SAN JUAN TERMINAL NET,96,San Juans Terminal Net,26,TPGSDN TERM N,US,terminal
2305,,NK/SAM N,WA NOOKSACK/SAMISH NET,99,Nooksack/Samish Net,25,PGSDN N,US,pre-terminal
2306,,TNK/SAM N,WA NOOKSACK/SAMISH TERMINAL NET,100,Nooksack/Samish Terminal Net,26,TPGSDN TERM N,US,terminal
2308,,SKG N,WA SKAGIT NET,102,Skagit Net,28,PGSDO N,US,pre-terminal
2309,,TSKG N,WA SKAGIT TERMINAL NET,103,Skagit Terminal Net,29,TPGSDO TERM N,US,terminal
2310,,TSKG FN,WA SKAGIT FRESHWATER NET,104,Skagit Freshwater Net,38,TPS FN,US,terminal
2311,,6B-9 N,WA PS AREAS 6B AND 9 NET,105,Puget Sound Area 6b-9 Net,28,PGSDO N,US,pre-terminal
2312,,T6B-9 N,WA PS AREAS 6B AND 9 TERMINAL NET,106,Puget Sound Area 6b-9 Terminal Net,29,TPGSDO TERM N,US,terminal
2313,,STL/SNO N,WA PS STILLY/SNO NET,107,Stillaguamish/Snohomish Net,28,PGSDO N,US,pre-terminal
2314,,TSTL/SNO N,WA PS STILLY/SNO TERMINAL NET,108,Stillaguamish/Snohomish Terminal Net,29,TPGSDO TERM N,US,terminal
2315,,PS 10-11-13 N,WA PS AREAS 10-11-13 NET,109,Puget Sound Area 10-11-13 Net,28,PGSDO N,US,pre-terminal
2316,,TPS 10-11-13 N,WA PS AREAS 10-11-13 TERMINAL NET,110,Puget Sound Area 10-11-13 Terminal Net,29,TPGSDO TERM N,US,terminal
2318,,HC N,WA HOOD CANAL (AREA 12) NET,112,Hood Canal (Area 12) Net,28,PGSDO N,US,pre-terminal
2319,,THC N,WA HOOD CANAL (AREA 12) TERMINAL NET,113,Hood Canal (Area 12) Terminal Net,29,TPGSDO TERM N,US,terminal
2320,,THC FN,WA HOOD CANAL (AREA 12) FRESHWATER NET,114,Hood Canal (Area 12) Freshwater Net,38,TPS FN,US,terminal
2321,,WA CST N,WASHINGTON COAST NET,115,Washington Coast Net,30,WA CST N,US,pre-terminal
2322,,TWA NCST FN,WASHINGTON NORTH COAST FRESHWATER NET,116,Washington North Coast Freshwater Net,39,TWAC FN,US,terminal
2323,,WA GH N,GRAYS HARBOR BAY NET,117,Grays Harbor Bay Net,30,WA CST N,US,pre-terminal
2324,,TWA GH FN,GRAYS HARBOR FRESHWATER NET,118,Grays Harbor Freshwater Net,39,TWAC FN,US,terminal
2325,,WA WB N,WILLAPA BAY NET,119,Willapa Bay Net,30,WA CST N,US,pre-terminal
3101,,AK SE SP,ALASKA SE QUADRANT SPORT,124,Alaska Southeast Sport,44,ALASKA S,US,pre-terminal
3102,,AK SW SP,ALASKA SW QUADRANT SPORT,124,Alaska Southeast Sport,44,ALASKA S,US,pre-terminal
3103,,AK NE SP,ALASKA NE QUADRANT SPORT,124,Alaska Southeast Sport,44,ALASKA S,US,pre-terminal
3104,,AK NW SP,ALASKA NW QUADRANT SPORT,124,Alaska Southeast Sport,44,ALASKA S,US,pre-terminal
3105,,TSTIKINE S,STIKINE RIVER TERMINAL SPORT,126,Stikine River Terminal Sport,69,TBR TERM S,US,terminal
3106,,AK KN TSP,KETCHIKAN TERMINAL SPORT,127,Alaska Southeast Terminal Sport,68,TAK TERM S,US,terminal
3107,,AK NB TSP,NEETS BAY TERMINAL SPORT,127,Alaska Southeast Terminal Sport,68,TAK TERM S,US,terminal
3108,,AK WN TSP,WRANGELL NARROWS TERM. SPORT,127,Alaska Southeast Terminal Sport,68,TAK TERM S,US,terminal
3109,,AK BS TSP,BLIND SLOUGH TERMINAL SPORT,127,Alaska Southeast Terminal Sport,68,TAK TERM S,US,terminal
3110,,AK JN TSP,JUNEAU TERMINAL SPORT,127,Alaska Southeast Terminal Sport,68,TAK TERM S,US,terminal
3111,,TTAKU S,TAKU RIVER TERMINAL SPORT,125,Taku River Terminal Sport,69,TBR TERM S,US,terminal
3203,,TNORTH S,NORTH TERMINAL SPORT,130,North Terminal Sport,49,TNBC TERM S,Canada,terminal
3204,,TNORTH FS,NORTH FRESHWATER SPORT,131,North Freshwater Sport,70,TNORTH FS,Canada,terminal
3205,,CENTRAL S,CENTRAL SPORT,132,Central Sport,45,CBC S,Canada,pre-terminal
3206,,TCENTRAL S,CENTRAL TERMINAL SPORT,133,Central Terminal Sport,46,TCBC TERM S,Canada,terminal
3207,,TCENTRAL FS,CENTRAL FRESHWATER SPORT,134,Central Freshwater Sport,71,TCENTRAL FS,Canada,terminal
3210,,TNGS S,NORTH GEORGIA STRAIT TERMINAL SPORT,137,North Georgia Strait Terminal Sport,64,TGEO ST TERM S,Canada,terminal
3211,,TNGS FS,NORTH GEORGIA STRAIT FRESHWATER SPORT,138,North Georgia Strait Freshwater Sport,74,TGS FS,Canada,terminal
3213,,TSGS S,SOUTH GEORGIA STRAIT TERMINAL SPORT,140,South Georgia Strait Terminal Sport,64,TGEO ST TERM S,Canada,terminal
3214,,TSGS FS,SOUTH GEORGIA STRAIT FRESHWATER SPORT,141,South Georgia Strait Freshwater Sport,74,TGS FS,Canada,terminal
3217,,TWCVI S,WCVI TERMINAL SPORT,143,WCVI Terminal Sport,52,TWCVI TERM S,Canada,terminal
3218,,TWCVI FS,WCVI FRESHWATER SPORT,144,WCVI Freshwater Sport,72,TWCVI FS,Canada,terminal
3219,,TFRASER FS,FRASER FRESHWATER SPORT,145,Fraser Freshwater Sport,73,TFRASER FS,Canada,terminal
3221,,TCA JDF S,CANADIAN JUAN DE FUCA TERMINAL SPORT,147,Canadian Juan De Fuca Terminal Sport,66,TBC JF TERM S,Canada,terminal
3222,,TJOHN ST S,JOHNSTONE STRAIT TERMINAL SPORT,148,Johnstone Strait Terminal Sport,62,TJNST TERM S,Canada,terminal
3223,,TBC STI FS,BC TERMINAL STIKINE FRESHWATER SPORT,186,BC Taku Freshwater Sport,77,TCAN TBR N,Canada,terminal
3224,,TBC TAK FS,BC TERMINAL TAKU FRESHWATER SPORT,188,"BC Stikine Freshwater Sport
BC Stikine Freshwater Sport
BC Stikine Freshwater Sport
BC Stikine Freshwater Sport
BC Stikine Freshwater Sport
BC Stikine Freshwater Sport
BC Stikine Freshwater Sport",77,TCAN TBR N,Canada,terminal
3301,,TWA JDF S,WA JUAN DE FUCA FRESHWATER SPORT,149,Washington Juan De Fuca Freshwater Sport,75,TPS FS,US,terminal
3302,,5_S,WA JUAN DE FUCA (AREA 5) SPORT,150,Puget Sound Area 5 Sport,57,PGSDN S,US,pre-terminal
3303,,6_S,WA PS AREA 6 SPORT,151,Puget Sound Area 6 Sport,57,PGSDN S,US,pre-terminal
3305,,TNPS S,NORTH PUGET SOUND (AREA 5-7) TERMINAL SPORT,153,North Puget Sound (Area 5-7) Terminal Sport,58,TPGSDN TERM S,US,terminal
3307,,8-1_S,WA PS AREA 8-1 SPORT,155,Puget Sound Area 8-1 Sport,59,PGSDO S,US,pre-terminal
3309,,9_S,WA PS AREA 9 SPORT,157,Puget Sound Area 9 Sport,59,PGSDO S,US,pre-terminal
3312,,12_S,WA PS AREA 12 (HOOD CANAL) SPORT,159,Puget Sound Area 10 Sport,59,PGSDO S,US,pre-terminal
3313,,T12 S,WA PS AREA 12 (HOOD CANAL) TERMINAL SPORT,162,Puget Sound Area 12 Terminal Sport,60,TPGSDO TERM S,US,terminal
3314,,T12_FS,WA PS AREA 12 (HOOD CANAL) FRESHWATER SPORT,163,Puget Sound Area 12 Freshwater Sport,75,TPS FS,US,terminal
3315,,TSPS S,SOUTH PUGET SOUND A10_11_13 TERMINAL SPORT,165,South Puget Sound (10-11-13) Terminal Sport,60,TPGSDO TERM S,US,terminal
3317,,WA 4 S,WA OCEAN AREA 4 (NEAH BAY) SPORT,167,Washington Area 4 Ocean Sport,53,N FALCON S,US,pre-terminal
3318,,WA 3 S,WA OCEAN AREA 3 (LA PUSH) SPORT,168,Washington Area 3 Ocean Sport,53,N FALCON S,US,pre-terminal
3320,,WA 1 S,WA OCEAN AREA 1 (COL R) SPORT,170,Washington Area 1 Ocean Sport,53,N FALCON S,US,pre-terminal
3325,,OR 3 S,OR OCEAN AREA 3 SPORT,175,Oregon Area 3 Ocean Sport,55,S FALCON S,US,pre-terminal
3326,,OR 4 S,OR OCEAN AREA 4 SPORT,176,Oregon Area 4 Ocean Sport,55,S FALCON S,US,pre-terminal
3327,,OR 5 S,OR OCEAN AREA 5 SPORT,177,Oregon Area 5 Ocean Sport,55,S FALCON S,US,pre-terminal
3328,,OR 6 S,OR OCEAN AREA 6 SPORT,178,Oregon Area 6 Ocean Sport,55,S FALCON S,US,pre-terminal
3329,,TOR CST S,OREGON COAST TERMINAL SPORT,179,Oregon Coast Terminal Sport,56,TSF TERM S,US,terminal
3330,,TOR CST FS,OREGON COAST FRESHWATER SPORT,180,Oregon Coast Freshwater Sport,76,TSF TERM FS,US,terminal
3331,,CAL S,CALIFORNIA (ALL AREAS) SPORT,181,California Ocean Sport,55,S FALCON S,US,pre-terminal
3332,,TCOL R S IDL,TERMINAL CR ABOVE BUOY 10 SPORT IDL,174,Terminal Above Buoy 10 Sport,67,TCOL R S,US,terminal
4001,,COST REC,COST RECOVERY,182,Cost Recovery,80,ESCAPEMENT,escapement,escapement
4002,,PERS USE,PERSONAL USE,183,Personal Use,80,ESCAPEMENT,escapement,escapement
4003,,SUBSIST,SUBSISTENCE,184,Subsistence,80,ESCAPEMENT,escapement,escapement
4004,,CA TERM STRAY,CANADIAN TERMINAL STRAY,,,,,Canada,terminal
4005,,US TERM STRAY,US TERMINAL STRAY,,,,,US,terminal
4006,,CA ESC STRAY,CANADIAN ESCAPEMENT STRAY,193,Canadian Escapement Stray,78,XCA ESC STRAY,Canada,escapement
4007,,US ESC STRAY,US ESCAPEMENT STRAY,194,US Escapement Stray,79,XUS ESC STRAY,US,escapement
4008,,ESCAPE,ESCAPEMENT,195,Escapement,80,ESCAPEMENT,ESCAPEMENT,escapement
23070,,TNPS TN,NORTH PUGET SOUND FRESHWATER NET,101,North Puget Sound Freshwater Net,38,TPS FN,US,terminal
23071,,TNPS TN-NOOKSACK,NORTH PUGET SOUND FRESHWATER NET - NOOKSACK,101,North Puget Sound Freshwater Net,38,TPS FN,US,terminal
23170,,TPS 10-11-13 FN,WA PS AREAS 10-11-13 FRESHWATER NET,111,Puget Sound Area 10-11-13 Freshwater Net,38,TPS FN,US,terminal
23171,,TPS 10-11-13 FN-NISQUALLY,WA PS AREAS 10-11-13 FRESHWATER NET - NISQUALLY,111,Puget Sound Area 10-11-13 Freshwater Net,38,TPS FN,US,terminal
32011,,NORTH AABM S FALL,NORTH AABM SPORT (QCI) - FALL,128,North AABM Sport (QCI),47,NBC AABM S,Canada,pre-terminal
32012,,NORTH AABM S SPRING,NORTH AABM SPORT (QCI) - SPRING,128,North AABM Sport (QCI),47,NBC AABM S,Canada,pre-terminal
32013,,NORTH AABM S SUMMER,NORTH AABM SPORT (QCI) - SUMMER,128,North AABM Sport (QCI),47,NBC AABM S,Canada,pre-terminal
32021,,NORTH ISBM S FALL,NORTH ISBM SPORT - FALL,129,North ISBM Sport,48,NBC ISBM S,Canada,pre-terminal
32022,,NORTH ISBM S SPRING,NORTH ISBM SPORT - SPRING,129,North ISBM Sport,48,NBC ISBM S,Canada,pre-terminal
32023,,NORTH ISBM S SUMMER,NORTH ISBM SPORT - SUMMER,129,North ISBM Sport,48,NBC ISBM S,Canada,pre-terminal
32081,,JOHN ST S FALL,JOHNSTONE STRAIT SPORT - FALL,135,Johnstone Strait Sport,61,JNST S,Canada,pre-terminal
32082,,JOHN ST S SPRING,JOHNSTONE STRAIT SPORT - SPRING,135,Johnstone Strait Sport,61,JNST S,Canada,pre-terminal
32083,,JOHN ST S SUMMER,JOHNSTONE STRAIT SPORT - SUMMER,135,Johnstone Strait Sport,61,JNST S,Canada,pre-terminal
32091,,NGS S FALL,NORTH GEORGIA STRAIT SPORT - FALL,136,North Georgia Strait Sport,63,GEO ST S,Canada,pre-terminal
32092,,NGS S SPRING,NORTH GEORGIA STRAIT SPORT - SPRING,136,North Georgia Strait Sport,63,GEO ST S,Canada,pre-terminal
32093,,NGS S SUMMER,NORTH GEORGIA STRAIT SPORT - SUMMER,136,North Georgia Strait Sport,63,GEO ST S,Canada,pre-terminal
32121,,SGS S FALL,SOUTH GEORGIA STRAIT SPORT - FALL,139,South Georgia Strait Sport,63,GEO ST S,Canada,pre-terminal
32122,,SGS S SPRING,SOUTH GEORGIA STRAIT SPORT - SPRING,139,South Georgia Strait Sport,63,GEO ST S,Canada,pre-terminal
32123,,SGS S SUMMER,SOUTH GEORGIA STRAIT SPORT - SUMMER,139,South Georgia Strait Sport,63,GEO ST S,Canada,pre-terminal
32151,,NWCVI AABM S FALL,NORTH WCVI AABM SPORT - FALL,142,WCVI AABM Sport,50,WCVI AABM S,Canada,pre-terminal
32152,,NWCVI AABM S SPRING,NORTH WCVI AABM SPORT - SPRING,142,WCVI AABM Sport,50,WCVI AABM S,Canada,pre-terminal
32153,,NWCVI AABM S SUMMER,NORTH WCVI AABM SPORT - SUMMER,142,WCVI AABM Sport,50,WCVI AABM S,Canada,pre-terminal
32154,,SWCVI AABM S FALL,SOUTH WCVI AABM SPORT - FALL,142,WCVI AABM Sport,50,WCVI AABM S,Canada,pre-terminal
32155,,SWCVI AABM S SPRING,SOUTH WCVI AABM SPORT - SPRING,142,WCVI AABM Sport,50,WCVI AABM S,Canada,pre-terminal
32156,,SWCVI AABM S SUMMER,SOUTH WCVI AABM SPORT - SUMMER,142,WCVI AABM Sport,50,WCVI AABM S,Canada,pre-terminal
32161,,NWCVI ISBM S SUMMER,NORTH WCVI ISBM SPORT - SUMMER,92,WCVI ISBM Sport,51,WCVI ISBM S,Canada,pre-terminal
32162,,SWCVI ISBM S SUMMER,SOUTH WCVI ISBM SPORT - SUMMER,92,WCVI ISBM Sport,51,WCVI ISBM S,Canada,pre-terminal
32201,,CA JDF S FALL,CANADIAN JUAN DE FUCA SPORT - FALL,146,Canadian Juan De Fuca Sport,65,BC JF S,Canada,pre-terminal
32202,,CA JDF S SPRING,CANADIAN JUAN DE FUCA SPORT - SPRING,146,Canadian Juan De Fuca Sport,65,BC JF S,Canada,pre-terminal
32203,,CA JDF S SUMMER,CANADIAN JUAN DE FUCA SPORT - SUMMER,146,Canadian Juan De Fuca Sport,65,BC JF S,Canada,pre-terminal
33040,,7_S,WA PS AREA 7 SPORT,152,Puget Sound Area 7 Sport,57,PGSDN S,US,pre-terminal
33041,,7_BCD,WA PS AREA 7BCD (BELLINGHAM BAY) SPORT,152,Puget Sound Area 7 Sport,57,PGSDN S,US,pre-terminal
33060,,TNPS FS-NOOKSACK,NORTH PUGET SOUND (AREA 5-7) FRESHWATER SPORT - NOOKSACK,154,North Puget Sound (Area 5-7) Freshwater Sport,75,TPS FS,US,terminal
33061,,TNPS FS-SAMISH,NORTH PUGET SOUND (AREA 5-7) FRESHWATER SPORT - SAMISH,154,North Puget Sound (Area 5-7) Freshwater Sport,75,TPS FS,US,terminal
33080,,8-2_S,WA PS AREA 8-2 SPORT,156,Puget Sound Area 8-2 Sport,59,PGSDO S,US,pre-terminal
33081,,8-2_S TULALIP BAY,WA PS AREA 8-2 SPORT - TULALIP BAY,156,Puget Sound Area 8-2 Sport,59,PGSDO S,US,pre-terminal
33100,,TAREA8_9 FS-CASCADE,AREA 8-9 FRESHWATER SPORT - CASCADE,158,Puget Sound Area 8-9 Terminal Sport,75,TPS FS,US,terminal
33101,,TAREA8_9 FS-SKAGIT,AREA 8-9 FRESHWATER SPORT - SKAGIT,158,Puget Sound Area 8-9 Terminal Sport,75,TPS FS,US,terminal
33102,,TAREA8_9 FS-SKYKOMISH,AREA 8-9 FRESHWATER SPORT - SKYKOMISH,158,Puget Sound Area 8-9 Terminal Sport,75,TPS FS,US,terminal
33103,,TAREA8_9 FS-SNOHOMISH,AREA 8-9 FRESHWATER SPORT - SNOHOMISH,158,Puget Sound Area 8-9 Terminal Sport,75,TPS FS,US,terminal
33104,,TAREA8_9-STILLAGUAMISH,AREA 8-9 FRESHWATER SPORT - STILLAGUAMISH,158,Puget Sound Area 8-9 Terminal Sport,75,TPS FS,US,terminal
33105,,TAREA8_9-WALLACE,AREA 8-9 FRESHWATER SPORT - WALLACE,158,Puget Sound Area 8-9 Terminal Sport,75,TPS FS,US,terminal
33110,,10_S,SOUTH PUGET SOUND A10_11_13 SPORT - MARINE AREA 10,159,Puget Sound Area 10 Sport,59,PGSDO S,US,pre-terminal
33111,,10A_S,SOUTH PUGET SOUND A10_11_13 SPORT - MARINE AREA 10A (ELLIOTT BAY),159,Puget Sound Area 10 Sport,59,PGSDO S,US,pre-terminal
33112,,10E_S,SOUTH PUGET SOUND A10_11_13 SPORT - MARINE AREA 10E (SINCLAIR INLET),159,Puget Sound Area 10 Sport,59,PGSDO S,US,pre-terminal
33113,,11_S,SOUTH PUGET SOUND A10_11_13 SPORT - MARINE AREA 11,159,Puget Sound Area 10 Sport,59,PGSDO S,US,pre-terminal
33114,,13_S,SOUTH PUGET SOUND A10_11_13 SPORT - MARINE AREA 13,159,Puget Sound Area 10 Sport,59,PGSDO S,US,pre-terminal
33160,,TSPS FS-CARBON,SOUTH PUGET SOUND A10_11_13 FRESHWATER SPORT - CARBON,166,South Puget Sound (10-11-13) Freshwater Sport,75,TPS FS,US,terminal
33161,,TSPS FS-CHAMBERS,SOUTH PUGET SOUND A10_11_13 FRESHWATER SPORT - CHAMBERS,166,South Puget Sound (10-11-13) Freshwater Sport,75,TPS FS,US,terminal
33162,,TSPS FS-DESCHUTES,SOUTH PUGET SOUND A10_11_13 FRESHWATER SPORT - DESCHUTES,166,South Puget Sound (10-11-13) Freshwater Sport,75,TPS FS,US,terminal
33163,,TSPS FS-GREEN/DUWAMISH,SOUTH PUGET SOUND A10_11_13 FRESHWATER SPORT - GREEN/DUWAMISH,166,South Puget Sound (10-11-13) Freshwater Sport,75,TPS FS,US,terminal
33164,,TSPS FS-LAKE SAMMAMISH,SOUTH PUGET SOUND A10_11_13 FRESHWATER SPORT - LAKE SAMMAMISH,166,South Puget Sound (10-11-13) Freshwater Sport,75,TPS FS,US,terminal
33165,,TSPS FS-MCALLISTER,SOUTH PUGET SOUND A10_11_13 FRESHWATER SPORT - MCALLISTER,166,South Puget Sound (10-11-13) Freshwater Sport,75,TPS FS,US,terminal
33166,,TSPS FS-MINTER,SOUTH PUGET SOUND A10_11_13 FRESHWATER SPORT - MINTER,166,South Puget Sound (10-11-13) Freshwater Sport,75,TPS FS,US,terminal
33167,,TSPS FS-NISQUALLY,SOUTH PUGET SOUND A10_11_13 FRESHWATER SPORT - NISQUALLY,166,South Puget Sound (10-11-13) Freshwater Sport,75,TPS FS,US,terminal
33168,,TSPS FS-PUYALLUP,SOUTH PUGET SOUND A10_11_13 FRESHWATER SPORT - PUYALLUP,166,South Puget Sound (10-11-13) Freshwater Sport,75,TPS FS,US,terminal
33169,,TSPS FS-LAKE WASHINGTON,SOUTH PUGET SOUND A10_11_13 FRESHWATER SPORT - LAKE WASHINGTON,166,South Puget Sound (10-11-13) Freshwater Sport,75,TPS FS,US,terminal
33190,,WA 2 S,WA OCEAN AREA 2 (WESTPORT) SPORT,169,Washington Area 2 Ocean Sport,53,N FALCON S,US,pre-terminal
33191,,WA 2-1 S,WA OCEAN AREA 2-1 (WILLAPA BAY) SPORT,169,Washington Area 2 Ocean Sport,53,N FALCON S,US,pre-terminal
33192,,WA 2-2 S,WA OCEAN AREA 2-2 (GRAYS HARBOR) SPORT,169,Washington Area 2 Ocean Sport,53,N FALCON S,US,pre-terminal
33210,,TWA CST S-QUEETS,WASHINGTON COAST FRESHWATER SPORT (QUEETS),171,Washington Coast Terminal Sport,54,TNF TERM S,US,terminal
33211,,TWA CST S-SALMON,WASHINGTON COAST FRESHWATER SPORT - SALMON,171,Washington Coast Terminal Sport,54,TNF TERM S,US,terminal
33301,,TSOF FS EMS,ELK MARK SELECTIVE,180,Oregon Coast Freshwater Sport,76,TSF TERM FS,US,terminal
232601,,TCOL Z1-5 GN SPR,COLUMBIA RIVER Z1-5 GILLNET SPR,120,Columbia River Z1-5 Gillnet,31,TCOL R N,US,terminal
232602,,TCOL Z1-5 GN SUM/FALL,COLUMBIA RIVER Z1-5 GILLNET SUM/FALL,120,Columbia River Z1-5 Gillnet,31,TCOL R N,US,terminal
232701,,TCOL Z1-5 SN,COLUMBIA RIVER Z1-5 SEINE,121,Columbia River Z1-5 Seine,31,TCOL R N,US,terminal
232801,,TCOL SA N SPR,COLUMBIA SELECT AREA NET SPR,122,Columbia Select Area Net,31,TCOL R N,US,terminal
232802,,TCOL SA N SUM/FALL,COLUMBIA SELECT AREA NET FALL/SUM,122,Columbia Select Area Net,31,TCOL R N,US,terminal
232901,,TCOL Z6 GN,COLUMBIA RIVER Z6 GILLNET,123,Columbia River Area 6 Terminal Net,31,TCOL R N,US,terminal
233001,,TCOL ABV Z6 N,COLUMBIA RIVER ABV Z6 NET,123,Columbia River Area 6 Terminal Net,31,TCOL R N,US,terminal
233101,,TCOL WILL N,WILLAMETTE NET,120,Columbia River Z1-5 Gillnet,31,TCOL R N,US,terminal
332201,,BUOY10 S,CR BUOY 10 SPORT,172,Buoy 10 Sport,53,N FALCON S,US,pre-terminal
332301,,TBUOY10 S,TERMINAL CR BUOY 10 SPORT,173,Terminal Buoy 10 Sport,67,TCOL R S,US,terminal
332401,,TCOL WILL S,WILLAMETTE SPORT,174,Terminal Above Buoy 10 Sport,67,TCOL R S,US,terminal
332402,,TCOL Z1-5 S SPR/SUM,COLUMBIA Z1-5 SPORT SPR/SUM,174,Terminal Above Buoy 10 Sport,67,TCOL R S,US,terminal
332403,,TCOL Z1-5 S FALL,COLUMBIA Z1-5 SPORT FALL,174,Terminal Above Buoy 10 Sport,67,TCOL R S,US,terminal
332404,,TCOL ABV BON S SPR/SUM,COLUMBIA ABV BON SPORT SPR/SUM,174,Terminal Above Buoy 10 Sport,67,TCOL R S,US,terminal
332405,,TCOL ABV BON S FALL,COLUMBIA ABV BON SPORT FALL,174,Terminal Above Buoy 10 Sport,67,TCOL R S,US,terminal
332406,,TCOL SNAKE S,SNAKE SPORT,174,Terminal Above Buoy 10 Sport,67,TCOL R S,US,terminal
